id_cliente,nome_cliente,cidade,estado,tipo_cliente,data_adesao,id_cidade,id_estado,id_cidade_estado
1,Luna Da Mota,GONCALVES,BA,Industrial,26/09/2024,0265,01,026501
2,Lavinia Da Conceicao,SANTOS GRANDE,SP,Industrial,23/10/2020,0477,03,047703
3,Antonio Viana,FARIAS,BA,Industrial,27/06/2021,0225,01,022501
4,Luiz Fernando Lopes,CAVALCANTI DO NORTE,BA,Industrial,03/11/2022,0103,01,010301
5,Gabrielly Cardoso,FERNANDES,SP,Residencial,25/09/2021,0232,03,023203
6,Maria Cecilia Araujo,REZENDE,SP,Industrial,25/08/2022,0429,03,042903
7,Pedro Miguel Cardoso,AZEVEDO,BA,Comercial,19/06/2024,0031,01,003101
8,Amanda Gomes,SILVA DE MENDES,MG,Comercial,11/10/2021,0481,02,048102
9,Ana Sophia Barbosa,MOURA,BA,Industrial,19/04/2021,0340,01,034001
10,Emilly Cardoso,JESUS DO OESTE,BA,Industrial,24/06/2020,0274,01,027401
11,Ana Julia Pinto,PINTO DO NORTE,BA,Comercial,01/04/2025,0399,01,039901
12,Sabrina Moraes,CASTRO,BA,Comercial,07/08/2023,0088,01,008801
13,Vitor Peixoto,ALMEIDA DE LIMA,SP,Residencial,03/12/2020,0004,03,000403
14,Vicente Barros,ALVES,BA,Comercial,15/01/2023,0010,01,001001
15,Miguel Farias,MONTEIRO DO GALHO,MG,Comercial,20/09/2020,0322,02,032202
16,Pedro Lucas Moura,CARDOSO PAULISTA,SP,Industrial,28/11/2024,0079,03,007903
17,Raquel Alves,ALVES,MG,Comercial,03/01/2025,0010,02,001002
18,Lais Campos,LOPES,MG,Residencial,24/02/2024,0281,02,028102
19,Stella Farias,COSTA,MG,Comercial,14/06/2021,0118,02,011802
20,Levi Araujo,RAMOS DA PRATA,MG,Industrial,09/02/2022,0421,02,042102
21,Joao Felipe Ferreira,DA ROCHA,SP,Industrial,24/01/2024,0192,03,019203
22,Maria Alice Pereira,ALVES GRANDE,SP,Comercial,08/09/2023,0015,03,001503
23,Pietra Lima,LOPES,MG,Industrial,18/08/2023,0281,02,028102
24,Giovanna Araujo,MOURA DE GOMES,MG,Residencial,04/01/2024,0342,02,034202
25,Gabrielly Jesus,OLIVEIRA,SP,Residencial,17/01/2025,0374,03,037403
26,Rebeca Nogueira,PEREIRA DE DA CRUZ,SP,Comercial,01/05/2024,0388,03,038803
27,Mariane Pinto,DUARTE DE CARVALHO,SP,Comercial,22/01/2024,0221,03,022103
28,Alexia Rezende,MOREIRA,BA,Comercial,28/05/2022,0329,01,032901
29,Barbara Campos,BARBOSA DO GALHO,BA,Industrial,09/07/2024,0042,01,004201
30,Gabrielly Rocha,GONCALVES GRANDE,BA,Residencial,03/12/2022,0268,01,026801
31,Milena Porto,LOPES,MG,Residencial,18/11/2020,0281,02,028102
32,Pietro Gomes,VIANA,BA,Industrial,19/09/2020,0509,01,050901
33,Camila Da Costa,RIBEIRO,MG,Residencial,18/09/2020,0438,02,043802
34,Gabrielly Barros,SALES DOS DOURADOS,MG,Comercial,28/12/2022,0469,02,046902
35,Diego Dias,REZENDE DE SILVA,BA,Comercial,02/08/2022,0434,01,043401
36,Bruno Costa,VIEIRA,MG,Comercial,26/01/2025,0516,02,051602
37,Renan Pinto,DA ROSA,BA,Residencial,26/04/2023,0198,01,019801
38,Joao Gabriel Almeida,RODRIGUES,BA,Comercial,31/03/2022,0455,01,045501
39,Vitor Hugo Moreira,MONTEIRO,SP,Industrial,19/02/2024,0315,03,031503
40,Enzo Gabriel Silveira,CARDOSO,BA,Industrial,23/11/2024,0070,01,007001
41,Carlos Eduardo Moraes,PEREIRA,SP,Residencial,28/09/2022,0386,03,038603
42,Isabella Peixoto,FERNANDES,BA,Industrial,12/01/2025,0232,01,023201
43,Marina Pires,FERNANDES,BA,Industrial,15/02/2021,0232,01,023201
44,Manuela Viana,MENDES DE NASCIMENTO,SP,Residencial,25/03/2022,0309,03,030903
45,Daniela Rocha,RODRIGUES GRANDE,SP,Comercial,26/08/2020,0458,03,045803
46,Ana Sophia Silva,NOVAES,BA,Comercial,24/05/2022,0354,01,035401
47,Daniela Castro,REZENDE DO CAMPO,MG,Comercial,10/03/2024,0436,02,043602
48,Rodrigo Vieira,DA ROCHA DO OESTE,SP,Residencial,29/09/2020,0196,03,019603
49,Erick Santos,CARVALHO,MG,Industrial,10/03/2022,0080,02,008002
50,Barbara Sales,GOMES DO AMPARO,MG,Comercial,02/03/2025,0263,02,026302
51,Natalia Barbosa,DUARTE,MG,Comercial,18/10/2021,0217,02,021702
52,Davi Fernandes,MELO DE ALVES,SP,Residencial,25/08/2020,0301,03,030103
53,Milena Correia,VIANA DE DA MOTA,MG,Comercial,25/06/2022,0512,02,051202
54,Isis Nogueira,DUARTE GRANDE,SP,Residencial,26/04/2025,0224,03,022403
55,Gustavo Da Conceicao,RAMOS VERDE,MG,Industrial,19/11/2021,0428,02,042802
56,Paulo Almeida,DA COSTA,BA,Residencial,19/08/2021,0143,01,014301
57,Antonio Lopes,DA MOTA,BA,Residencial,17/10/2020,0173,01,017301
58,Gustavo Pires,SALES DO AMPARO,SP,Residencial,12/02/2023,0465,03,046503
59,Luana Duarte,FERNANDES,BA,Residencial,28/07/2021,0232,01,023201
60,Luiza Jesus,JESUS,BA,Industrial,26/07/2024,0269,01,026901
61,Arthur Fogaca,RIBEIRO DE NOGUEIRA,MG,Industrial,26/08/2023,0443,02,044302
62,Caua Fernandes,CASTRO DE MOURA,SP,Comercial,22/12/2021,0093,03,009303
63,Ana Alves,FARIAS DO NORTE,MG,Industrial,14/11/2020,0229,02,022902
64,Pietra Vieira,MENDES DOS DOURADOS,MG,Industrial,05/01/2021,0314,02,031402
65,Pedro Aragao,AZEVEDO,MG,Comercial,06/01/2023,0031,02,003102
66,Joao Pedro Barros,PIRES,MG,Industrial,17/01/2021,0402,02,040202
67,Melissa Rezende,VIEIRA DAS PEDRAS,MG,Residencial,17/05/2025,0517,02,051702
68,Lucca Souza,ARAUJO DOS DOURADOS,MG,Residencial,30/11/2021,0030,02,003002
69,Renan Vieira,ALVES DE MONTEIRO,MG,Comercial,13/04/2021,0013,02,001302
70,Ian Rezende,CARDOSO DE VIANA,SP,Comercial,21/08/2020,0076,03,007603
71,Heloisa Martins,JESUS ALEGRE,BA,Comercial,30/10/2023,0270,01,027001
72,Ana Da Paz,DA COSTA DE GOMES,MG,Residencial,31/10/2024,0145,02,014502
73,Luiz Henrique Pinto,ALVES DO OESTE,MG,Industrial,26/12/2021,0014,02,001402
74,Fernanda Da Rosa,DA PAZ,MG,Residencial,22/03/2023,0181,02,018102
75,Carlos Eduardo Santos,REZENDE,MG,Comercial,03/10/2020,0429,02,042902
76,Maria Vitoria Farias,DA LUZ,MG,Industrial,27/12/2023,0155,02,015502
77,Maria Fernanda Silva,CAVALCANTI DA PRATA,MG,Industrial,13/03/2024,0098,02,009802
78,Emanuel Dias,CASTRO,BA,Residencial,14/04/2025,0088,01,008801
79,Arthur Moura,PEREIRA DE PEREIRA,BA,Comercial,30/12/2020,0391,01,039101
80,Sophie Da Costa,MARTINS DOS DOURADOS,MG,Residencial,08/08/2024,0297,02,029702
81,Nina Da Rocha,DA COSTA,BA,Industrial,30/10/2022,0143,01,014301
82,Carlos Eduardo Lopes,FOGACA DOS DOURADOS,SP,Residencial,18/06/2020,0253,03,025303
83,Ana Livia Das Neves,SOUZA DA PRATA,MG,Residencial,29/08/2021,0498,02,049802
84,Igor Goncalves,LIMA,SP,Comercial,11/07/2023,0277,03,027703
85,Joao Vitor Mendes,ALMEIDA DE DIAS,SP,Comercial,29/03/2022,0003,03,000303
86,Lais Farias,CARDOSO,MG,Industrial,21/11/2021,0070,02,007002
87,Alice Costa,DIAS ALEGRE,BA,Residencial,20/11/2020,0212,01,021201
88,Erick Lima,MOREIRA DE GOIAS,SP,Residencial,10/11/2022,0332,03,033203
89,Rodrigo Da Paz,GONCALVES,MG,Residencial,03/11/2021,0265,02,026502
90,Joao Vitor Santos,FERNANDES,SP,Industrial,26/06/2022,0232,03,023203
91,Joao Guilherme Da Cunha,PORTO DE SILVEIRA,SP,Industrial,16/03/2023,0414,03,041403
92,Otavio Da Mota,OLIVEIRA DA PRATA,SP,Comercial,07/06/2022,0375,03,037503
93,Anthony Lopes,DA LUZ DE ARAUJO,SP,Comercial,18/05/2023,0156,03,015603
94,Ana Luiza Teixeira,MORAES,BA,Comercial,06/11/2020,0324,01,032401
95,Camila Vieira,DA MOTA,SP,Residencial,07/08/2020,0173,03,017303
96,Felipe Lopes,ALMEIDA,SP,Residencial,05/01/2022,0001,03,000103
97,Bruna Pires,GOMES,SP,Comercial,02/03/2023,0259,03,025903
98,Livia Vieira,ALVES,BA,Residencial,21/04/2024,0010,01,001001
99,Esther Carvalho,SILVEIRA,SP,Comercial,26/10/2020,0487,03,048703
100,Nina Da Conceicao,JESUS PAULISTA,SP,Industrial,20/03/2022,0276,03,027603
101,Joaquim Sales,VIANA,BA,Comercial,10/11/2023,0509,01,050901
102,Alana Das Neves,CAVALCANTI DOS DOURADOS,BA,Industrial,26/05/2021,0105,01,010501
103,Eduardo Melo,DA PAZ DE MONTEIRO,BA,Residencial,03/11/2023,0186,01,018601
104,Carlos Eduardo Moreira,NASCIMENTO DE DA MATA,SP,Comercial,31/07/2024,0345,03,034503
105,Henrique Nogueira,COSTA,BA,Residencial,26/08/2024,0118,01,011801
106,Bruna Nunes,CALDEIRA GRANDE,BA,Industrial,24/09/2024,0058,01,005801
107,Theo Rocha,ALVES DE DA COSTA,SP,Industrial,30/10/2024,0012,03,001203
108,Lucas Da Paz,FOGACA,BA,Industrial,11/08/2020,0247,01,024701
109,Vitoria Da Costa,CASTRO,SP,Residencial,07/12/2020,0088,03,008803
110,Davi Nascimento,DA ROCHA DAS PEDRAS,MG,Residencial,22/08/2021,0194,02,019402
111,Diego Alves,DA MATA DE MINAS,BA,Residencial,31/03/2022,0166,01,016601
112,Daniel Campos,DA CONCEICAO,MG,Residencial,03/10/2020,0137,02,013702
113,Daniela Nascimento,COSTA,SP,Industrial,15/10/2020,0118,03,011803
114,Vitor Da Rosa,COSTA DE GOIAS,BA,Industrial,04/09/2022,0119,01,011901
115,Nicolas Cavalcanti,DA CUNHA,SP,Comercial,14/02/2023,0151,03,015103
116,Isis Melo,CUNHA DA PRAIA,MG,Comercial,08/05/2022,0131,02,013102
117,Luiza Cardoso,FOGACA,SP,Residencial,01/10/2024,0247,03,024703
118,Levi Pinto,FERREIRA DE MOREIRA,BA,Industrial,08/10/2022,0244,01,024401
119,Isabelly Santos,ARAGAO,BA,Industrial,03/06/2020,0017,01,001701
120,Pedro Miguel Rocha,TEIXEIRA GRANDE,MG,Industrial,13/11/2022,0508,02,050802
121,Maria Fernanda Barbosa,MOURA,SP,Comercial,03/07/2022,0340,03,034003
122,Sophie Almeida,PINTO PAULISTA,BA,Comercial,18/12/2022,0401,01,040101
123,Leandro Da Costa,BARROS DAS FLORES,MG,Industrial,20/01/2021,0045,02,004502
124,Joana Da Paz,CASTRO,BA,Industrial,25/03/2023,0088,01,008801
125,Davi Lucas Gomes,DAS NEVES,BA,Industrial,01/02/2025,0207,01,020701
126,Leticia Ferreira,PORTO DO NORTE,SP,Comercial,13/06/2022,0417,03,041703
127,Rafael Cardoso,DA ROSA,BA,Industrial,14/07/2021,0198,01,019801
128,Paulo Viana,PEIXOTO DA MATA,SP,Industrial,17/06/2023,0381,03,038103
129,Guilherme Da Rosa,MONTEIRO,BA,Residencial,14/01/2024,0315,01,031501
130,Luiz Otavio Barros,FOGACA DAS PEDRAS,MG,Residencial,31/12/2021,0249,02,024902
131,Gustavo Henrique Cardoso,BARBOSA,BA,Comercial,09/12/2024,0037,01,003701
132,Davi Lucas Aragao,OLIVEIRA DA PRATA,SP,Industrial,08/04/2021,0375,03,037503
133,Leandro Oliveira,FOGACA PAULISTA,SP,Industrial,29/07/2023,0254,03,025403
134,Theo Nogueira,RODRIGUES,MG,Residencial,23/08/2021,0455,02,045502
135,Bianca Martins,DA ROSA DA PRAIA,BA,Comercial,16/03/2021,0200,01,020001
136,Ryan Lima,DA CUNHA,BA,Residencial,12/11/2021,0151,01,015101
137,Alicia Novaes,PEREIRA DA MATA,MG,Residencial,17/04/2023,0387,02,038702
138,Maria Alice Araujo,LIMA,BA,Residencial,29/07/2020,0277,01,027701
139,Larissa Moreira,SANTOS,BA,Residencial,26/05/2021,0471,01,047101
140,Gabriel Porto,RODRIGUES,SP,Industrial,07/07/2021,0455,03,045503
141,Camila Da Conceicao,SALES,BA,Industrial,20/01/2024,0459,01,045901
142,Diogo Araujo,DA CUNHA,BA,Residencial,11/09/2020,0151,01,015101
143,Marina Alves,SILVEIRA DA PRATA,MG,Comercial,11/02/2021,0488,02,048802
144,Rafaela Souza,MOURA,MG,Comercial,17/03/2022,0340,02,034002
145,Joao Vitor Gomes,MENDES DE SANTOS,SP,Comercial,04/08/2022,0311,03,031103
146,Ian Rezende,MENDES DO NORTE,BA,Comercial,26/03/2025,0313,01,031301
147,Lavinia Monteiro,FERREIRA,BA,Residencial,17/10/2023,0239,01,023901
148,Kevin Monteiro,SALES,BA,Industrial,27/11/2021,0459,01,045901
149,Emanuelly Alves,ARAUJO DO CAMPO,SP,Comercial,01/03/2024,0027,03,002703
150,Joao Miguel Alves,FERNANDES DA MATA,SP,Residencial,08/04/2024,0233,03,023303
151,Evelyn Campos,FERREIRA,MG,Comercial,13/04/2021,0239,02,023902
152,Gabriela Cardoso,BARBOSA,SP,Comercial,17/08/2022,0037,03,003703
153,Thales Araujo,DA CONCEICAO,BA,Residencial,10/01/2022,0137,01,013701
154,Joao Vitor Peixoto,SALES,BA,Industrial,31/12/2023,0459,01,045901
155,Alexia Ferreira,VIEIRA,SP,Industrial,04/05/2023,0516,03,051603
156,Gabriela Almeida,NOVAES VERDE,BA,Residencial,12/04/2024,0363,01,036301
157,Diogo Barros,NOGUEIRA DO GALHO,BA,Industrial,13/10/2023,0352,01,035201
158,Enrico Nunes,BARBOSA,SP,Residencial,14/07/2024,0037,03,003703
159,Caue Farias,CALDEIRA,SP,Residencial,23/11/2022,0049,03,004903
160,Daniel Correia,ALVES,BA,Residencial,01/03/2021,0010,01,001001
161,Gustavo Henrique Azevedo,NOGUEIRA VERDE,BA,Industrial,25/02/2025,0353,01,035301
162,Thiago Ribeiro,RAMOS,BA,Residencial,29/05/2024,0420,01,042001
163,Bryan Melo,FREITAS,MG,Comercial,13/10/2024,0255,02,025502
164,Benicio Ribeiro,CASTRO,MG,Industrial,25/03/2023,0088,02,008802
165,Larissa Lopes,CAVALCANTI,MG,Industrial,26/09/2021,0097,02,009702
166,Bryan Monteiro,MARTINS DE GOIAS,SP,Industrial,12/11/2020,0294,03,029403
167,Davi Carvalho,FARIAS DAS FLORES,MG,Industrial,03/05/2023,0226,02,022602
168,Luiz Felipe Fogaca,DA COSTA,SP,Comercial,16/01/2021,0143,03,014303
169,Yago Nogueira,JESUS,SP,Industrial,03/12/2021,0269,03,026903
170,Leandro Nascimento,SALES,MG,Industrial,26/07/2020,0459,02,045902
171,Arthur Melo,DA CONCEICAO,MG,Residencial,16/07/2023,0137,02,013702
172,Mariana Cardoso,ROCHA DE MINAS,MG,Industrial,04/03/2021,0451,02,045102
173,Joao Guilherme Teixeira,MARTINS,BA,Comercial,05/06/2020,0291,01,029101
174,Joao Lucas Da Mota,CARDOSO DE FERNANDES,MG,Comercial,25/09/2022,0075,02,007502
175,Gabriela Cavalcanti,NOVAES DAS FLORES,BA,Comercial,21/05/2024,0356,01,035601
176,Fernando Oliveira,SILVEIRA DE MINAS,SP,Comercial,15/02/2024,0490,03,049003
177,Rodrigo Fogaca,PINTO,BA,Industrial,06/01/2021,0397,01,039701
178,Stella Fogaca,SILVEIRA GRANDE,MG,Industrial,15/06/2024,0494,02,049402
179,Brenda Pereira,ALMEIDA DE PINTO,SP,Comercial,05/11/2023,0005,03,000503
180,Pietra Ferreira,DA CONCEICAO DE ROCHA,SP,Comercial,20/12/2022,0141,03,014103
181,Bianca Gomes,CARVALHO,SP,Industrial,11/11/2023,0080,03,008003
182,Matheus Gomes,FREITAS DO GALHO,BA,Comercial,17/04/2023,0257,01,025701
183,Maria Martins,MENDES,MG,Residencial,08/07/2023,0305,02,030502
184,Lucas Gabriel Silveira,CARDOSO,SP,Comercial,27/03/2022,0070,03,007003
185,Eduardo Rocha,NUNES DA PRATA,SP,Comercial,13/02/2022,0365,03,036503
186,Vinicius Mendes,FOGACA DA SERRA,SP,Residencial,11/08/2021,0248,03,024803
187,Alexia Gomes,MONTEIRO,BA,Residencial,06/04/2022,0315,01,031501
188,Beatriz Cardoso,MELO,BA,Industrial,05/12/2021,0298,01,029801
189,Thomas Nunes,REZENDE,MG,Industrial,15/09/2024,0429,02,042902
190,Sophie Da Cruz,PINTO,BA,Residencial,03/04/2024,0397,01,039701
191,Felipe Rezende,FERNANDES,SP,Residencial,27/06/2022,0232,03,023203
192,Arthur Jesus,DIAS DA MATA,MG,Industrial,17/08/2023,0213,02,021302
193,Pietra Gomes,MENDES,SP,Comercial,15/02/2023,0305,03,030503
194,Samuel Ferreira,DA MOTA DE LIMA,SP,Residencial,26/12/2020,0175,03,017503
195,Fernanda Peixoto,LIMA DO CAMPO,BA,Industrial,18/04/2025,0279,01,027901
196,Laura Lopes,JESUS,MG,Comercial,26/11/2022,0269,02,026902
197,Beatriz Melo,CAVALCANTI DAS PEDRAS,BA,Residencial,04/02/2024,0099,01,009901
198,Vitor Pires,CARDOSO,BA,Comercial,27/06/2024,0070,01,007001
199,Augusto Da Mota,MOREIRA,MG,Industrial,08/08/2020,0329,02,032902
200,Lorena Teixeira,RIBEIRO DO SUL,SP,Residencial,24/03/2024,0446,03,044603
201,Maria Sophia Correia,FREITAS,SP,Comercial,30/03/2024,0255,03,025503
202,Davi Lucca Goncalves,RODRIGUES DE PIRES,MG,Residencial,26/06/2023,0456,02,045602
203,Igor Da Conceicao,RIBEIRO DE GOIAS,SP,Comercial,12/11/2021,0441,03,044103
204,Alana Da Rosa,DA CRUZ,MG,Industrial,13/06/2024,0148,02,014802
205,Isaac Barros,SILVA ALEGRE,MG,Industrial,23/12/2022,0479,02,047902
206,Cecilia Ramos,CARDOSO DA PRAIA,BA,Residencial,11/12/2023,0071,01,007101
207,Isis Goncalves,DA CONCEICAO DO AMPARO,MG,Comercial,14/07/2023,0142,02,014202
208,Larissa Da Rocha,OLIVEIRA DE NOGUEIRA,BA,Residencial,23/11/2020,0376,01,037601
209,Davi Luiz Nascimento,CALDEIRA,SP,Residencial,14/11/2020,0049,03,004903
210,Miguel Costela,NUNES DE COSTELA,SP,Comercial,09/03/2024,0369,03,036903
211,Felipe Porto,SOUZA,SP,Comercial,27/08/2024,0495,03,049503
212,Fernanda Cardoso,GONCALVES,SP,Comercial,08/05/2022,0265,03,026503
213,Murilo Gomes,NUNES,BA,Industrial,08/03/2021,0364,01,036401
214,Alana Moreira,PEIXOTO,SP,Residencial,21/01/2021,0380,03,038003
215,Ana Vitoria Novaes,MOREIRA DOS DOURADOS,MG,Residencial,27/02/2022,0338,02,033802
216,Ana Laura Freitas,ROCHA DE PEIXOTO,MG,Industrial,27/10/2023,0452,02,045202
217,Ana Sophia Castro,FERNANDES,MG,Comercial,21/01/2022,0232,02,023202
218,Joao Pedro Dias,PIRES DA PRAIA,BA,Industrial,25/02/2025,0403,01,040301
219,Giovanna Alves,DA ROSA DA MATA,SP,Industrial,12/08/2020,0199,03,019903
220,Gustavo Henrique Da Rosa,NOVAES,SP,Industrial,26/06/2024,0354,03,035403
221,Rebeca Moura,DUARTE,SP,Residencial,27/07/2024,0217,03,021703
222,Stella Cardoso,DA ROSA DE TEIXEIRA,BA,Industrial,09/03/2022,0204,01,020401
223,Gustavo Henrique Melo,SANTOS DO OESTE,MG,Residencial,09/07/2020,0474,02,047402
224,Erick Da Luz,ARAUJO DO OESTE,MG,Residencial,16/10/2023,0029,02,002902
225,Fernando Correia,SOUZA DOS DOURADOS,SP,Residencial,11/11/2024,0502,03,050203
226,Ana Vitoria Das Neves,CAMPOS GRANDE,MG,Comercial,28/06/2020,0067,02,006702
227,Nina Da Rosa,VIANA DA MATA,MG,Residencial,18/03/2025,0510,02,051002
228,Alana Farias,DA LUZ,BA,Residencial,19/03/2025,0155,01,015501
229,Lucas Gabriel Ramos,SILVA,BA,Comercial,15/09/2024,0478,01,047801
230,Ana Julia Duarte,FREITAS,BA,Residencial,14/11/2023,0255,01,025501
231,Matheus Da Paz,GOMES,BA,Industrial,17/05/2024,0259,01,025901
232,Luiz Miguel Freitas,ARAGAO,SP,Industrial,22/11/2022,0017,03,001703
233,Mariane Pires,RAMOS DE MELO,BA,Residencial,22/11/2022,0424,01,042401
234,Camila Azevedo,DA CRUZ,MG,Comercial,16/11/2021,0148,02,014802
235,Lorena Monteiro,DA PAZ DE BARROS,SP,Industrial,23/11/2024,0184,03,018403
236,Marcelo Silveira,MENDES,MG,Comercial,19/09/2021,0305,02,030502
237,Luiz Otavio Oliveira,DA MOTA,MG,Comercial,14/01/2022,0173,02,017302
238,Diogo Da Costa,SILVA DE VIANA,MG,Industrial,16/04/2025,0484,02,048402
239,Yago Nascimento,TEIXEIRA,BA,Comercial,19/12/2023,0503,01,050301
240,Laura Martins,DA ROCHA,BA,Industrial,29/04/2022,0192,01,019201
241,Leandro Monteiro,JESUS DE PEREIRA,SP,Comercial,05/07/2022,0272,03,027203
242,Alicia Silveira,AZEVEDO DO SUL,SP,Industrial,06/03/2023,0036,03,003603
243,Sarah Das Neves,DA CONCEICAO,BA,Residencial,17/03/2021,0137,01,013701
244,Juliana Nascimento,CORREIA DE GONCALVES,MG,Industrial,30/03/2021,0114,02,011402
245,Joao Lucas Freitas,NOVAES,SP,Industrial,04/04/2022,0354,03,035403
246,Ana Laura Vieira,RIBEIRO,BA,Industrial,25/10/2021,0438,01,043801
247,Joao Lucas Lima,DA MOTA,BA,Industrial,01/04/2021,0173,01,017301
248,Luna Ferreira,PEREIRA DO GALHO,BA,Comercial,02/11/2022,0393,01,039301
249,Sabrina Freitas,MORAES,MG,Residencial,19/06/2022,0324,02,032402
250,Kevin Lopes,ALVES,BA,Industrial,12/11/2022,0010,01,001001
251,Raquel Rocha,CUNHA,BA,Comercial,18/02/2023,0130,01,013001
252,Henrique Alves,COSTELA,BA,Residencial,27/07/2021,0124,01,012401
253,Luana Moreira,DA ROCHA,BA,Residencial,21/04/2022,0192,01,019201
254,Matheus Almeida,CAMPOS DE MINAS,SP,Residencial,09/08/2023,0064,03,006403
255,Emanuel Barbosa,REZENDE DAS FLORES,SP,Residencial,19/05/2025,0433,03,043303
256,Emilly Pinto,DIAS,BA,Industrial,14/11/2023,0211,01,021101
257,Otavio Silva,DA CONCEICAO,MG,Industrial,04/10/2021,0137,02,013702
258,Nicolas Barbosa,CARVALHO DA SERRA,SP,Comercial,12/12/2020,0081,03,008103
259,Davi Pires,CALDEIRA DE COSTELA,BA,Comercial,20/09/2021,0053,01,005301
260,Daniela Almeida,DA ROSA,SP,Comercial,12/09/2022,0198,03,019803
261,Giovanna Peixoto,CARVALHO DO NORTE,SP,Residencial,23/11/2024,0086,03,008603
262,Joao Lucas Alves,BARROS DO OESTE,MG,Residencial,30/12/2023,0047,02,004702
263,Gabrielly Da Rosa,DA LUZ DO AMPARO,BA,Industrial,05/08/2023,0159,01,015901
264,Kamilly Fogaca,CARVALHO,BA,Residencial,04/11/2024,0080,01,008001
265,Isadora Barros,NOGUEIRA DO AMPARO,MG,Residencial,09/05/2023,0351,02,035102
266,Igor Das Neves,CALDEIRA,MG,Residencial,11/06/2022,0049,02,004902
267,Valentina Da Luz,REZENDE,BA,Comercial,03/06/2024,0429,01,042901
268,Rafael Moura,SILVA DE MORAES,BA,Comercial,17/12/2023,0482,01,048201
269,Sarah Costela,LIMA,MG,Industrial,17/02/2024,0277,02,027702
270,Brenda Da Conceicao,TEIXEIRA DE DA PAZ,SP,Residencial,21/10/2021,0505,03,050503
271,Isabella Moreira,FERREIRA DOS DOURADOS,SP,Residencial,14/07/2023,0246,03,024603
272,Clarice Sales,PIRES,MG,Industrial,18/02/2022,0402,02,040202
273,Thomas Lima,NASCIMENTO,SP,Residencial,14/11/2024,0344,03,034403
274,Ana Livia Azevedo,NUNES,MG,Residencial,02/02/2023,0364,02,036402
275,Pedro Lucas Da Cunha,COSTELA,SP,Comercial,01/09/2021,0124,03,012403
276,Renan Araujo,COSTELA,SP,Industrial,12/05/2022,0124,03,012403
277,Lavinia Rezende,SILVEIRA DE PINTO,BA,Industrial,30/03/2024,0491,01,049101
278,Murilo Cardoso,ARAUJO DE PEREIRA,BA,Industrial,18/02/2023,0026,01,002601
279,Lorenzo Da Cunha,DIAS,SP,Industrial,14/03/2024,0211,03,021103
280,Nathan Freitas,DA MOTA DO CAMPO,SP,Comercial,10/11/2021,0177,03,017703
281,Benjamin Pires,COSTELA DE ALMEIDA,BA,Comercial,16/09/2024,0126,01,012601
282,Gabriel Da Cruz,CUNHA DE NASCIMENTO,BA,Residencial,01/06/2022,0135,01,013501
283,Thiago Barros,DA MATA DE DA MATA,BA,Residencial,02/09/2022,0165,01,016501
284,Valentina Duarte,PEREIRA DO AMPARO,MG,Residencial,10/09/2021,0392,02,039202
285,Maria Fernanda Martins,NOVAES PAULISTA,SP,Residencial,11/08/2020,0362,03,036203
286,Bruno Ribeiro,MELO DA PRATA,BA,Comercial,24/03/2022,0300,01,030001
287,Lavinia Da Conceicao,MONTEIRO,SP,Industrial,19/02/2024,0315,03,031503
288,Stephany Da Costa,TEIXEIRA DE MOREIRA,MG,Comercial,10/07/2023,0506,02,050602
289,Felipe Almeida,SALES DO CAMPO,MG,Residencial,14/06/2021,0466,02,046602
290,Theo Almeida,TEIXEIRA,BA,Comercial,14/11/2021,0503,01,050301
291,Joao Lucas Da Cunha,TEIXEIRA,MG,Industrial,28/02/2021,0503,02,050302
292,Isabelly Duarte,FERREIRA DE DIAS,SP,Industrial,26/08/2023,0242,03,024203
293,Maite Rodrigues,CAVALCANTI,BA,Comercial,29/03/2024,0097,01,009701
294,Raquel Barbosa,CARVALHO DE MELO,SP,Comercial,27/01/2023,0082,03,008203
295,Barbara Alves,CASTRO DAS PEDRAS,SP,Comercial,09/02/2021,0091,03,009103
296,Bryan Caldeira,AZEVEDO,MG,Residencial,24/03/2024,0031,02,003102
297,Esther Carvalho,FERNANDES DE GOIAS,MG,Comercial,22/05/2023,0236,02,023602
298,Carlos Eduardo Fernandes,DA ROSA GRANDE,MG,Comercial,05/09/2024,0205,02,020502
299,Danilo Moraes,LIMA DE PEREIRA,MG,Comercial,22/09/2022,0278,02,027802
300,Isis Jesus,CALDEIRA,MG,Industrial,30/09/2023,0049,02,004902
301,Gabriela Monteiro,PORTO DA PRAIA,BA,Industrial,19/09/2023,0410,01,041001
302,Pedro Lucas Gomes,CASTRO,SP,Residencial,04/10/2022,0088,03,008803
303,Emanuelly Fernandes,DA COSTA DO GALHO,SP,Residencial,19/06/2022,0147,03,014703
304,Mariane Da Mata,NOVAES DO NORTE,SP,Industrial,15/11/2022,0361,03,036103
305,Marcelo Da Cunha,DA CRUZ,SP,Industrial,12/01/2025,0148,03,014803
306,Sabrina Melo,VIEIRA DO CAMPO,MG,Industrial,15/03/2025,0519,02,051902
307,Joao Guilherme Pires,GONCALVES,SP,Comercial,21/09/2021,0265,03,026503
308,Joao Felipe Cavalcanti,ARAUJO,BA,Comercial,19/11/2020,0021,01,002101
309,Bianca Araujo,LOPES,BA,Industrial,19/02/2023,0281,01,028101
310,Daniela Barbosa,CORREIA,SP,Comercial,20/05/2023,0108,03,010803
311,Evelyn Costa,PEREIRA DE FERREIRA,SP,Comercial,21/08/2021,0390,03,039003
312,Fernanda Viana,CALDEIRA,BA,Residencial,19/05/2024,0049,01,004901
313,Joao Guilherme Cardoso,TEIXEIRA,BA,Industrial,27/03/2024,0503,01,050301
314,Luigi Costa,DA ROSA,MG,Industrial,18/06/2020,0198,02,019802
315,Giovanna Nascimento,AZEVEDO,BA,Comercial,06/03/2023,0031,01,003101
316,Joao Lucas Moreira,FARIAS,MG,Industrial,17/08/2020,0225,02,022502
317,Isabelly Silva,NUNES DE CAMPOS,MG,Residencial,03/07/2023,0368,02,036802
318,Cecilia Silveira,PEIXOTO,MG,Residencial,10/06/2023,0380,02,038002
319,Vicente Costela,RIBEIRO,MG,Residencial,28/05/2023,0438,02,043802
320,Sophie Araujo,BARBOSA,MG,Industrial,28/02/2023,0037,02,003702
321,Paulo Costela,ROCHA DO GALHO,SP,Industrial,05/08/2022,0454,03,045403
322,Kaique Cardoso,JESUS DA PRAIA,BA,Industrial,25/01/2023,0271,01,027101
323,Olivia Costa,DIAS,MG,Industrial,21/10/2024,0211,02,021102
324,Lucas Barros,FERREIRA DE NOVAES,BA,Industrial,30/06/2021,0245,01,024501
325,Calebe Nunes,CUNHA DE MENDES,BA,Residencial,28/12/2023,0134,01,013401
326,Gabriela Monteiro,GONCALVES,MG,Comercial,13/08/2021,0265,02,026502
327,Ana Laura Carvalho,MOURA DO OESTE,SP,Residencial,12/01/2023,0343,03,034303
328,Isabel Santos,ARAGAO DAS FLORES,MG,Industrial,31/08/2023,0019,02,001902
329,Maria Cecilia Vieira,CUNHA,SP,Residencial,13/02/2022,0130,03,013003
330,Amanda Freitas,CARVALHO,BA,Industrial,24/12/2022,0080,01,008001
331,Caio Fernandes,DAS NEVES,SP,Industrial,28/10/2024,0207,03,020703
332,Danilo Nascimento,ARAUJO DA PRATA,SP,Residencial,22/12/2022,0022,03,002203
333,Ryan Correia,SILVA DO CAMPO,SP,Industrial,17/03/2024,0485,03,048503
334,Bianca Ferreira,MOURA,BA,Comercial,10/12/2020,0340,01,034001
335,Joao Miguel Campos,DIAS,BA,Industrial,02/12/2021,0211,01,021101
336,Yuri Moura,CUNHA DA PRAIA,SP,Comercial,11/10/2022,0131,03,013103
337,Raul Mendes,COSTELA,SP,Comercial,09/05/2021,0124,03,012403
338,Nicolas Da Mata,MONTEIRO,MG,Industrial,20/02/2023,0315,02,031502
339,Rafael Lima,BARROS DO GALHO,SP,Residencial,08/01/2025,0046,03,004603
340,Amanda Das Neves,PINTO,MG,Comercial,23/08/2022,0397,02,039702
341,Felipe Nunes,DAS NEVES,SP,Residencial,08/06/2024,0207,03,020703
342,Gabriela Farias,CASTRO,MG,Comercial,13/12/2023,0088,02,008802
343,Yago Barbosa,ALVES,BA,Industrial,22/08/2021,0010,01,001001
344,Rafael Mendes,MONTEIRO,SP,Industrial,06/10/2022,0315,03,031503
345,Ana Clara Alves,FERREIRA,SP,Comercial,02/05/2025,0239,03,023903
346,Bruno Vieira,VIEIRA DO SUL,SP,Industrial,03/11/2024,0520,03,052003
347,Vitor Hugo Ramos,SOUZA,SP,Comercial,14/11/2024,0495,03,049503
348,Matheus Oliveira,FERNANDES DA MATA,MG,Industrial,28/11/2020,0233,02,023302
349,Lais Cavalcanti,FARIAS DO SUL,SP,Residencial,31/07/2024,0230,03,023003
350,Stella Das Neves,PIRES,BA,Industrial,04/05/2021,0402,01,040201
351,Luiz Miguel Silveira,DA CONCEICAO,BA,Residencial,21/08/2023,0137,01,013701
352,Maria Vitoria Moreira,VIANA,SP,Industrial,06/03/2025,0509,03,050903
353,Andre Moreira,FERNANDES,BA,Residencial,11/12/2024,0232,01,023201
354,Emilly Ramos,DA CRUZ DE NASCIMENTO,SP,Industrial,12/09/2024,0150,03,015003
355,Beatriz Gomes,PEIXOTO DO CAMPO,SP,Residencial,10/01/2024,0385,03,038503
356,Sophie Azevedo,PIRES DE MINAS,BA,Comercial,17/02/2021,0405,01,040501
357,Sophie Martins,CUNHA DAS FLORES,SP,Comercial,24/10/2022,0133,03,013303
358,Rafael Cardoso,DA MATA,BA,Residencial,11/10/2023,0161,01,016101
359,Sofia Azevedo,MENDES DA PRATA,MG,Industrial,26/08/2021,0306,02,030602
360,Lucas Gabriel Costa,ALMEIDA,SP,Residencial,04/01/2025,0001,03,000103
361,Emanuelly Alves,RODRIGUES,MG,Industrial,18/04/2025,0455,02,045502
362,Isabelly Novaes,DAS NEVES,BA,Comercial,05/08/2023,0207,01,020701
363,Joao Gabriel Lopes,DAS NEVES DO CAMPO,MG,Industrial,14/01/2024,0209,02,020902
364,Laura Caldeira,ARAUJO DO NORTE,MG,Comercial,24/06/2021,0028,02,002802
365,Milena Martins,DA PAZ,BA,Industrial,27/10/2020,0181,01,018101
366,Maria Cecilia Cavalcanti,SALES GRANDE,MG,Industrial,24/03/2023,0470,02,047002
367,Luiz Otavio Moreira,NASCIMENTO DE DA MOTA,MG,Industrial,25/10/2021,0346,02,034602
368,Caue Nogueira,DA LUZ DO NORTE,BA,Residencial,17/01/2023,0160,01,016001
369,Erick Porto,RIBEIRO DO SUL,MG,Residencial,19/08/2023,0446,02,044602
370,Marina Santos,NUNES DE RAMOS,BA,Comercial,09/11/2024,0370,01,037001
371,Ana Vitoria Moura,SILVEIRA DAS PEDRAS,MG,Comercial,04/11/2024,0489,02,048902
372,Clara Nascimento,MENDES DE NOVAES,BA,Residencial,19/07/2024,0310,01,031001
373,Caio Peixoto,FREITAS ALEGRE,BA,Comercial,24/10/2020,0256,01,025601
374,Nicole Porto,PIRES,MG,Residencial,11/05/2024,0402,02,040202
375,Lucca Cardoso,CARDOSO,MG,Industrial,31/08/2024,0070,02,007002
376,Bernardo Ferreira,CARDOSO DOS DOURADOS,MG,Comercial,15/07/2020,0078,02,007802
377,Leonardo Nascimento,MORAES,SP,Comercial,15/12/2024,0324,03,032403
378,Bruna Lima,CAMPOS,SP,Residencial,18/10/2022,0059,03,005903
379,Vicente Monteiro,CAVALCANTI DE GOIAS,SP,Comercial,18/09/2021,0101,03,010103
380,Stephany Campos,MOREIRA,BA,Comercial,11/02/2023,0329,01,032901
381,Maria Julia Cunha,FOGACA,MG,Industrial,10/06/2022,0247,02,024702
382,Maite Freitas,DA PAZ DA PRATA,BA,Comercial,04/09/2020,0182,01,018201
383,Felipe Da Mata,NUNES,SP,Industrial,19/08/2021,0364,03,036403
384,Luiz Miguel Barbosa,MOREIRA VERDE,MG,Residencial,29/05/2022,0339,02,033902
385,Giovanna Moraes,ROCHA,BA,Comercial,10/05/2024,0447,01,044701
386,Lucas Cavalcanti,CASTRO DA MATA,MG,Industrial,04/07/2021,0089,02,008902
387,Luiz Otavio Costa,OLIVEIRA,BA,Residencial,10/08/2020,0374,01,037401
388,Davi Luiz Novaes,TEIXEIRA,MG,Comercial,30/01/2024,0503,02,050302
389,Mariana Da Paz,MARTINS,SP,Residencial,04/09/2021,0291,03,029103
390,Lais Carvalho,NOGUEIRA,SP,Comercial,25/12/2024,0349,03,034903
391,Barbara Oliveira,SALES ALEGRE,MG,Residencial,26/08/2023,0460,02,046002
392,Esther Novaes,DA MATA DE ARAGAO,BA,Residencial,30/03/2024,0163,01,016301
393,Diego Souza,PEIXOTO,SP,Industrial,06/08/2021,0380,03,038003
394,Sophie Jesus,DA LUZ DE FARIAS,SP,Residencial,14/03/2024,0157,03,015703
395,Joao Vitor Farias,PIRES PAULISTA,SP,Comercial,04/12/2020,0407,03,040703
396,Helena Pinto,DA MATA,MG,Comercial,09/10/2021,0161,02,016102
397,Matheus Da Cunha,DA CRUZ,MG,Industrial,06/03/2022,0148,02,014802
398,Caroline Moraes,FARIAS,BA,Comercial,12/08/2024,0225,01,022501
399,Elisa Peixoto,MENDES DAS FLORES,BA,Comercial,11/12/2022,0307,01,030701
400,Rebeca Viana,CARVALHO,BA,Comercial,17/11/2020,0080,01,008001
401,Francisco Goncalves,NOVAES,MG,Residencial,21/11/2022,0354,02,035402
402,Levi Goncalves,ALMEIDA,MG,Residencial,02/09/2022,0001,02,000102
403,Amanda Da Mota,COSTA DO SUL,BA,Comercial,11/02/2023,0123,01,012301
404,Joana Moraes,COSTELA DO GALHO,BA,Industrial,17/08/2024,0128,01,012801
405,Pedro Henrique Vieira,BARBOSA DE DIAS,MG,Residencial,24/03/2023,0039,02,003902
406,Fernanda Da Rosa,LOPES,BA,Industrial,19/02/2023,0281,01,028101
407,Arthur Costa,CAMPOS DA MATA,SP,Comercial,15/10/2022,0060,03,006003
408,Maria Fernanda Da Mota,ARAGAO,MG,Comercial,27/06/2021,0017,02,001702
409,Brenda Ribeiro,MOREIRA,BA,Residencial,09/09/2020,0329,01,032901
410,Lorenzo Cardoso,ARAUJO DE MINAS,MG,Comercial,25/07/2023,0025,02,002502
411,Luiz Felipe Fernandes,CAMPOS,SP,Residencial,03/12/2023,0059,03,005903
412,Alana Pinto,OLIVEIRA,MG,Comercial,07/12/2024,0374,02,037402
413,Gustavo Henrique Barbosa,BARBOSA DO SUL,MG,Comercial,13/10/2020,0043,02,004302
414,Rebeca Gomes,CORREIA DOS DOURADOS,MG,Residencial,17/06/2021,0117,02,011702
415,Calebe Correia,PEREIRA DO OESTE,MG,Residencial,25/05/2023,0394,02,039402
416,Caroline Silveira,CALDEIRA DA MATA,SP,Residencial,01/06/2024,0051,03,005103
417,Nicolas Ferreira,MELO DE MINAS,MG,Comercial,16/06/2021,0302,02,030202
418,Ana Luiza Freitas,RAMOS,MG,Comercial,31/03/2022,0420,02,042002
419,Vitor Hugo Ferreira,DA MATA,BA,Industrial,18/07/2020,0161,01,016101
420,Luiz Henrique Melo,PEREIRA DOS DOURADOS,MG,Residencial,11/01/2024,0396,02,039602
421,Anthony Da Mata,FARIAS,BA,Comercial,04/09/2022,0225,01,022501
422,Carolina Viana,CUNHA DO SUL,SP,Comercial,14/10/2020,0136,03,013603
423,Vitor Castro,RAMOS DO AMPARO,SP,Residencial,07/12/2020,0425,03,042503
424,Bryan Farias,CUNHA,SP,Industrial,16/06/2020,0130,03,013003
425,Lucas Gabriel Cardoso,PORTO DO AMPARO,SP,Residencial,08/01/2023,0415,03,041503
426,Maria Alice Castro,DA MOTA,BA,Industrial,23/03/2025,0173,01,017301
427,Davi Luiz Almeida,CORREIA DA PRAIA,MG,Comercial,07/03/2025,0110,02,011002
428,Theo Cunha,DA CONCEICAO,SP,Industrial,03/02/2025,0137,03,013703
429,Cecilia Jesus,MENDES,MG,Comercial,06/03/2021,0305,02,030502
430,Carlos Eduardo Viana,NOVAES,BA,Residencial,23/12/2022,0354,01,035401
431,Marcelo Pires,DA ROSA VERDE,BA,Residencial,22/02/2021,0206,01,020601
432,Benjamin Moraes,FARIAS DO NORTE,BA,Residencial,31/10/2024,0229,01,022901
433,Ian Jesus,RIBEIRO DO AMPARO,SP,Industrial,11/09/2020,0444,03,044403
434,Marina Vieira,REZENDE,MG,Comercial,18/06/2024,0429,02,042902
435,Helena Da Cunha,DIAS,MG,Residencial,02/01/2023,0211,02,021102
436,Danilo Ramos,DA MATA DE CARDOSO,MG,Residencial,30/04/2022,0164,02,016402
437,Erick Nogueira,ROCHA,BA,Comercial,13/07/2023,0447,01,044701
438,Luiz Otavio Costa,MELO DO OESTE,SP,Residencial,28/11/2023,0304,03,030403
439,Luiz Henrique Rezende,ROCHA DE CARVALHO,BA,Comercial,22/11/2021,0449,01,044901
440,Matheus Rocha,MORAES DOS DOURADOS,BA,Comercial,23/12/2021,0327,01,032701
441,Mirella Da Paz,BARBOSA DE GOIAS,MG,Comercial,21/07/2024,0040,02,004002
442,Arthur Santos,TEIXEIRA DOS DOURADOS,BA,Comercial,24/06/2023,0507,01,050701
443,Daniel Monteiro,NASCIMENTO,MG,Comercial,25/03/2024,0344,02,034402
444,Davi Rodrigues,DIAS,SP,Industrial,19/10/2020,0211,03,021103
445,Yago Vieira,FERREIRA DA PRAIA,MG,Residencial,15/11/2021,0240,02,024002
446,Maria Luiza Duarte,TEIXEIRA DA PRAIA,SP,Industrial,21/08/2024,0504,03,050403
447,Mariana Pires,RAMOS,MG,Residencial,22/02/2024,0420,02,042002
448,Maria Luiza Moura,CUNHA,BA,Industrial,13/05/2023,0130,01,013001
449,Julia Peixoto,CAVALCANTI DE LIMA,BA,Comercial,04/10/2021,0102,01,010201
450,Luna Ribeiro,LOPES,SP,Residencial,10/07/2021,0281,03,028103
451,Ana Vieira,RAMOS DA PRATA,SP,Residencial,04/10/2022,0421,03,042103
452,Davi Lucca Rezende,LIMA,SP,Industrial,18/07/2024,0277,03,027703
453,Ana Carolina Moraes,NUNES DAS FLORES,MG,Industrial,29/01/2024,0366,02,036602
454,Joao Miguel Monteiro,PEIXOTO DAS FLORES,MG,Residencial,22/05/2023,0382,02,038202
455,Vitor Gabriel Novaes,DA CUNHA DAS PEDRAS,SP,Industrial,15/06/2023,0153,03,015303
456,Thomas Pires,FERREIRA DOS DOURADOS,BA,Industrial,17/12/2023,0246,01,024601
457,Henrique Moreira,LIMA DO GALHO,MG,Industrial,10/06/2021,0280,02,028002
458,Milena Rodrigues,MELO DE PORTO,MG,Comercial,11/01/2025,0303,02,030302
459,Noah Cavalcanti,FERREIRA DE COSTELA,MG,Comercial,31/10/2023,0241,02,024102
460,Ian Porto,LOPES DE GOIAS,SP,Industrial,23/08/2022,0288,03,028803
461,Amanda Costa,COSTELA,SP,Industrial,24/09/2024,0124,03,012403
462,Pietra Melo,MONTEIRO DE DA CUNHA,SP,Comercial,02/01/2021,0319,03,031903
463,Ana Beatriz Azevedo,SOUZA DA MATA,SP,Comercial,11/12/2024,0496,03,049603
464,Henrique Sales,CAVALCANTI,SP,Residencial,09/03/2024,0097,03,009703
465,Augusto Barbosa,DA PAZ,BA,Residencial,22/04/2024,0181,01,018101
466,Calebe Peixoto,TEIXEIRA,BA,Comercial,14/06/2021,0503,01,050301
467,Vitor Gabriel Duarte,MOURA DE COSTA,SP,Industrial,02/07/2024,0341,03,034103
468,Alexandre Cavalcanti,RAMOS DO SUL,MG,Industrial,31/07/2023,0427,02,042702
469,Thomas Cardoso,SALES,SP,Industrial,07/05/2025,0459,03,045903
470,Isadora Dias,VIANA,BA,Industrial,26/04/2022,0509,01,050901
471,Caio Cavalcanti,DUARTE,BA,Residencial,16/05/2023,0217,01,021701
472,Mariane Da Costa,DAS NEVES VERDE,MG,Comercial,03/10/2020,0210,02,021002
473,Ana Rezende,MOREIRA DE VIEIRA,BA,Industrial,04/01/2025,0335,01,033501
474,Maria Pereira,DA CRUZ,SP,Residencial,27/10/2020,0148,03,014803
475,Nicolas Cavalcanti,MORAES,MG,Industrial,12/09/2022,0324,02,032402
476,Diogo Oliveira,DAS NEVES,SP,Comercial,09/09/2023,0207,03,020703
477,Diogo Caldeira,TEIXEIRA,SP,Residencial,10/03/2023,0503,03,050303
478,Maria Eduarda Viana,OLIVEIRA,MG,Comercial,29/08/2020,0374,02,037402
479,Leticia Mendes,MORAES DA MATA,SP,Comercial,28/08/2024,0325,03,032503
480,Luana Moreira,MARTINS DO CAMPO,BA,Residencial,19/07/2021,0295,01,029501
481,Rodrigo Cunha,DA CUNHA,SP,Residencial,02/01/2022,0151,03,015103
482,Alexia Goncalves,MARTINS DA PRATA,MG,Residencial,06/02/2023,0293,02,029302
483,Luna Teixeira,VIEIRA,MG,Residencial,02/06/2023,0516,02,051602
484,Rebeca Viana,CORREIA,MG,Residencial,15/12/2024,0108,02,010802
485,Maria Clara Da Rocha,DA MOTA DO SUL,SP,Residencial,24/04/2023,0179,03,017903
486,Cecilia Barros,CASTRO PAULISTA,MG,Residencial,14/01/2022,0096,02,009602
487,Clara Da Mota,ARAUJO,MG,Industrial,02/03/2025,0021,02,002102
488,Sarah Da Mota,DA MATA GRANDE,SP,Comercial,12/03/2022,0171,03,017103
489,Rafaela Pires,VIEIRA DE MORAES,BA,Residencial,21/05/2024,0518,01,051801
490,Igor Duarte,DA MATA,SP,Industrial,06/04/2023,0161,03,016103
491,Davi Lucca Da Cruz,ALMEIDA,MG,Industrial,26/05/2020,0001,02,000102
492,Fernando Da Cunha,RAMOS DAS FLORES,MG,Industrial,08/10/2020,0422,02,042202
493,Emanuel Moraes,CAVALCANTI,SP,Comercial,21/02/2021,0097,03,009703
494,Bruna Da Cunha,MELO DA MATA,BA,Residencial,04/05/2024,0299,01,029901
495,Lorena Ramos,DA PAZ DO GALHO,MG,Industrial,21/07/2020,0189,02,018902
496,Maysa Correia,CALDEIRA ALEGRE,MG,Comercial,18/12/2021,0050,02,005002
497,Joao Pedro Araujo,GONCALVES,MG,Comercial,22/09/2020,0265,02,026502
498,Stella Castro,FOGACA DO GALHO,SP,Comercial,25/06/2024,0252,03,025203
499,Luiz Miguel Cardoso,PEIXOTO,MG,Industrial,28/02/2024,0380,02,038002
500,Alexia Pires,CORREIA DE GOIAS,BA,Residencial,01/09/2024,0113,01,011301
501,Mirella Castro,CUNHA DE MENDES,MG,Industrial,07/11/2022,0134,02,013402
502,Enzo Gabriel Nascimento,PORTO DE CASTRO,MG,Industrial,09/12/2021,0412,02,041202
503,Julia Fogaca,GONCALVES,BA,Residencial,25/09/2024,0265,01,026501
504,Marcos Vinicius Castro,SANTOS,MG,Residencial,15/09/2022,0471,02,047102
505,Agatha Rocha,NOVAES DE MINAS,SP,Residencial,14/12/2021,0358,03,035803
506,Catarina Lima,ALMEIDA GRANDE,SP,Comercial,08/12/2023,0009,03,000903
507,Enzo Gabriel Carvalho,DA LUZ,SP,Residencial,17/03/2023,0155,03,015503
508,Joana Araujo,LIMA,BA,Industrial,22/07/2021,0277,01,027701
509,Kaique Cavalcanti,COSTA,MG,Residencial,24/02/2025,0118,02,011802
510,Diego Pinto,VIANA,SP,Industrial,27/10/2020,0509,03,050903
511,Davi Barbosa,TEIXEIRA,BA,Comercial,04/01/2021,0503,01,050301
512,Luiza Cunha,CORREIA,MG,Industrial,04/08/2021,0108,02,010802
513,Noah Da Rocha,PEIXOTO,BA,Industrial,02/05/2024,0380,01,038001
514,Davi Lucca Sales,VIANA DO SUL,SP,Residencial,25/08/2021,0515,03,051503
515,Lorenzo Cunha,MARTINS DOS DOURADOS,SP,Residencial,25/08/2023,0297,03,029703
516,Ana Carolina Da Rocha,ALMEIDA DE CASTRO,SP,Industrial,07/05/2025,0002,03,000203
517,Levi Freitas,DA MOTA DO GALHO,BA,Residencial,12/09/2021,0178,01,017801
518,Natalia Nascimento,FERNANDES DA MATA,BA,Comercial,25/01/2023,0233,01,023301
519,Marina Da Mata,FERREIRA,SP,Comercial,23/03/2023,0239,03,023903
520,Maite Jesus,ALMEIDA DO SUL,BA,Residencial,12/04/2022,0008,01,000801
521,Alana Pinto,FOGACA DE MINAS,SP,Comercial,08/02/2025,0250,03,025003
522,Sophie Campos,AZEVEDO,SP,Residencial,31/08/2021,0031,03,003103
523,Yasmin Ferreira,DIAS DO AMPARO,MG,Industrial,17/03/2025,0215,02,021502
524,Lorenzo Da Costa,LOPES DA SERRA,BA,Industrial,26/09/2023,0285,01,028501
525,Marina Costa,LOPES DE LOPES,SP,Comercial,28/01/2023,0289,03,028903
526,Henrique Farias,JESUS DA PRAIA,SP,Residencial,18/05/2021,0271,03,027103
527,Clara Araujo,MOREIRA DE NOGUEIRA,BA,Residencial,01/06/2020,0334,01,033401
528,Antonio Rezende,DA PAZ DO NORTE,MG,Comercial,23/12/2024,0190,02,019002
529,Bryan Teixeira,DA CUNHA DA PRATA,MG,Industrial,24/10/2022,0152,02,015202
530,Ian Da Mata,SANTOS,SP,Comercial,14/09/2024,0471,03,047103
531,Stella Da Luz,MOURA,BA,Industrial,13/03/2023,0340,01,034001
532,Alexandre Nogueira,BARROS,MG,Residencial,28/09/2023,0044,02,004402
533,Yuri Dias,BARROS,BA,Industrial,14/08/2024,0044,01,004401
534,Caue Fernandes,DA LUZ DE RAMOS,BA,Comercial,06/08/2022,0158,01,015801
535,Murilo Costela,PINTO,SP,Residencial,10/11/2021,0397,03,039703
536,Livia Cavalcanti,DA ROSA,MG,Comercial,02/08/2023,0198,02,019802
537,Luiz Henrique Fernandes,PEREIRA,SP,Comercial,24/08/2024,0386,03,038603
538,Helena Fernandes,CARDOSO,MG,Industrial,12/06/2024,0070,02,007002
539,Joana Souza,ALMEIDA,MG,Comercial,05/08/2020,0001,02,000102
540,Yuri Souza,ALVES,MG,Industrial,21/04/2021,0010,02,001002
541,Bianca Da Rosa,VIEIRA,MG,Residencial,28/02/2022,0516,02,051602
542,Emanuella Fernandes,DA MOTA,MG,Industrial,25/05/2023,0173,02,017302
543,Maria Julia Monteiro,CAVALCANTI PAULISTA,BA,Residencial,03/04/2021,0107,01,010701
544,Yuri Souza,COSTA,SP,Industrial,05/05/2023,0118,03,011803
545,Marina Barros,REZENDE DAS FLORES,BA,Comercial,02/08/2022,0433,01,043301
546,Henrique Ramos,CARDOSO DE DA ROCHA,MG,Industrial,23/01/2025,0074,02,007402
547,Anthony Melo,JESUS,SP,Industrial,08/07/2020,0269,03,026903
548,Raquel Aragao,CAMPOS DA SERRA,MG,Residencial,27/06/2024,0062,02,006202
549,Joao Caldeira,DA PAZ,SP,Comercial,29/02/2024,0181,03,018103
550,Emilly Viana,VIANA DE MINAS,BA,Industrial,02/08/2024,0513,01,051301
551,Isabelly Da Paz,CARVALHO,SP,Comercial,04/07/2021,0080,03,008003
552,Giovanna Porto,REZENDE DAS FLORES,SP,Industrial,30/01/2022,0433,03,043303
553,Melissa Da Mata,AZEVEDO,SP,Industrial,05/12/2023,0031,03,003103
554,Benicio Da Costa,SALES DO NORTE,SP,Comercial,22/11/2021,0467,03,046703
555,Miguel Cavalcanti,MARTINS,SP,Industrial,19/09/2024,0291,03,029103
556,Vicente Fogaca,ARAUJO,MG,Comercial,19/12/2024,0021,02,002102
557,Isaac Cardoso,RODRIGUES,SP,Industrial,22/09/2021,0455,03,045503
558,Fernando Dias,ARAUJO DAS FLORES,SP,Residencial,25/12/2020,0023,03,002303
559,Enzo Gabriel Almeida,GONCALVES DO SUL,BA,Comercial,04/01/2023,0267,01,026701
560,Lara Costela,COSTA,SP,Industrial,14/01/2025,0118,03,011803
561,Daniela Lopes,MOREIRA,BA,Industrial,03/04/2022,0329,01,032901
562,Julia Fernandes,CASTRO,MG,Residencial,08/04/2021,0088,02,008802
563,Luiz Miguel Da Costa,NOGUEIRA,SP,Comercial,08/11/2024,0349,03,034903
564,Lucca Da Mota,JESUS DO GALHO,BA,Industrial,06/03/2024,0273,01,027301
565,Stella Porto,SILVA,BA,Residencial,25/03/2022,0478,01,047801
566,Clara Duarte,MONTEIRO,MG,Industrial,08/02/2022,0315,02,031502
567,Luiz Miguel Da Rocha,PORTO DE MINAS,SP,Comercial,28/11/2021,0413,03,041303
568,Diogo Da Mota,DAS NEVES,SP,Industrial,06/08/2021,0207,03,020703
569,Stephany Cavalcanti,DA CONCEICAO DA SERRA,BA,Industrial,21/05/2024,0139,01,013901
570,Otavio Cardoso,CASTRO DO NORTE,SP,Industrial,07/04/2021,0095,03,009503
571,Ana Clara Farias,DA ROCHA DOS DOURADOS,BA,Industrial,18/01/2025,0197,01,019701
572,Luigi Peixoto,RAMOS DE MARTINS,SP,Residencial,01/10/2021,0423,03,042303
573,Davi Lucas Campos,CARDOSO PAULISTA,BA,Residencial,24/09/2023,0079,01,007901
574,Nathan Cavalcanti,MENDES,SP,Comercial,13/10/2024,0305,03,030503
575,Bernardo Lopes,GONCALVES,MG,Residencial,03/07/2021,0265,02,026502
576,Caroline Cavalcanti,MORAES GRANDE,SP,Residencial,28/12/2024,0328,03,032803
577,Vitor Carvalho,COSTA,SP,Comercial,09/10/2023,0118,03,011803
578,Vitor Hugo Das Neves,CASTRO,MG,Residencial,09/12/2024,0088,02,008802
579,Melissa Rocha,SANTOS,SP,Residencial,13/05/2025,0471,03,047103
580,Yasmin Da Rocha,PEIXOTO,MG,Comercial,01/03/2022,0380,02,038002
581,Davi Lucca Costela,AZEVEDO,SP,Comercial,15/08/2023,0031,03,003103
582,Marcelo Dias,CALDEIRA,BA,Comercial,10/11/2021,0049,01,004901
583,Laura Araujo,MOREIRA DO AMPARO,BA,Industrial,26/11/2023,0336,01,033601
584,Guilherme Silva,COSTELA VERDE,SP,Industrial,26/09/2022,0129,03,012903
585,Luiz Otavio Da Costa,AZEVEDO DE CARDOSO,SP,Comercial,26/05/2022,0033,03,003303
586,Bernardo Caldeira,VIEIRA,SP,Comercial,19/07/2020,0516,03,051603
587,Ana Luiza Lima,FARIAS DO CAMPO,BA,Comercial,08/12/2021,0228,01,022801
588,Vicente Cunha,LIMA,SP,Industrial,29/04/2025,0277,03,027703
589,Pedro Henrique Fogaca,DAS NEVES,BA,Industrial,29/10/2024,0207,01,020701
590,Isabelly Peixoto,FOGACA DO CAMPO,MG,Residencial,06/04/2023,0251,02,025102
591,Henrique Silva,DA CONCEICAO,BA,Residencial,16/04/2023,0137,01,013701
592,Anthony Lima,CAMPOS DO CAMPO,BA,Comercial,28/03/2021,0065,01,006501
593,Julia Lima,SALES DO SUL,MG,Industrial,18/02/2024,0468,02,046802
594,Diogo Vieira,CAVALCANTI,BA,Industrial,22/09/2021,0097,01,009701
595,Luigi Da Cruz,DA CRUZ DA MATA,SP,Industrial,29/11/2024,0149,03,014903
596,Ana Carolina Alves,PEIXOTO DE GOIAS,SP,Comercial,17/12/2021,0383,03,038303
597,Enzo Barros,NOGUEIRA,BA,Residencial,10/08/2022,0349,01,034901
598,Isis Duarte,ARAGAO DO GALHO,SP,Comercial,20/01/2023,0020,03,002003
599,Esther Lopes,CARDOSO,BA,Residencial,11/08/2021,0070,01,007001
600,Vitor Gabriel Moura,CUNHA,SP,Residencial,31/12/2024,0130,03,013003
601,Joaquim Ramos,PORTO DOS DOURADOS,SP,Comercial,30/12/2024,0419,03,041903
602,Livia Rezende,MONTEIRO DAS FLORES,BA,Residencial,04/05/2024,0317,01,031701
603,Leonardo Azevedo,RAMOS DA PRATA,SP,Residencial,07/01/2025,0421,03,042103
604,Isadora Da Cunha,CARDOSO DA PRATA,BA,Industrial,19/11/2020,0072,01,007201
605,Stella Viana,BARROS,SP,Residencial,19/06/2024,0044,03,004403
606,Rebeca Azevedo,DA ROSA DE FERNANDES,SP,Comercial,29/03/2021,0201,03,020103
607,Alice Aragao,ARAUJO DE MARTINS,MG,Comercial,06/08/2020,0024,02,002402
608,Sofia Duarte,NOVAES,MG,Residencial,27/10/2023,0354,02,035402
609,Alexandre Ribeiro,NOGUEIRA,BA,Industrial,31/05/2020,0349,01,034901
610,Maite Cardoso,SALES DO SUL,MG,Industrial,17/08/2023,0468,02,046802
611,Raul Pinto,DA CUNHA,BA,Residencial,10/06/2022,0151,01,015101
612,Rebeca Almeida,CAMPOS,MG,Residencial,23/08/2021,0059,02,005902
613,Enzo Silveira,CORREIA,SP,Comercial,28/09/2020,0108,03,010803
614,Emilly Nascimento,SILVEIRA,BA,Residencial,26/10/2020,0487,01,048701
615,Luiz Miguel Da Paz,SOUZA DO CAMPO,BA,Industrial,15/03/2022,0500,01,050001
616,Maite Monteiro,AZEVEDO DO GALHO,SP,Residencial,09/06/2021,0035,03,003503
617,Ana Azevedo,CALDEIRA DA PRATA,BA,Comercial,10/05/2022,0052,01,005201
618,Joao Lucas Da Mota,JESUS,BA,Comercial,13/04/2025,0269,01,026901
619,Calebe Farias,DA MATA DE NOGUEIRA,MG,Comercial,31/08/2020,0167,02,016702
620,Cecilia Campos,MOURA,BA,Comercial,03/09/2021,0340,01,034001
621,Luana Das Neves,GOMES,SP,Comercial,25/09/2021,0259,03,025903
622,Benjamin Costela,BARROS DOS DOURADOS,MG,Residencial,02/03/2024,0048,02,004802
623,Fernando Da Mota,DUARTE DO SUL,MG,Residencial,17/11/2020,0222,02,022202
624,Diego Campos,ROCHA DE PEIXOTO,SP,Residencial,10/08/2022,0452,03,045203
625,Stella Da Rosa,FERREIRA,SP,Residencial,10/06/2024,0239,03,023903
626,Amanda Peixoto,CAVALCANTI,MG,Comercial,04/02/2025,0097,02,009702
627,Anthony Costa,PINTO,BA,Industrial,12/01/2025,0397,01,039701
628,Elisa Duarte,DA CONCEICAO,MG,Residencial,29/02/2024,0137,02,013702
629,Ana Beatriz Cunha,PEIXOTO,SP,Industrial,18/05/2021,0380,03,038003
630,Ana Luiza Santos,VIANA DE VIEIRA,MG,Residencial,03/03/2024,0514,02,051402
631,Sophia Aragao,DA MOTA,SP,Residencial,20/02/2024,0173,03,017303
632,Joao Lucas Nunes,SILVA,MG,Industrial,17/04/2022,0478,02,047802
633,Pedro Miguel Moraes,DA PAZ DO AMPARO,BA,Comercial,16/01/2025,0188,01,018801
634,Matheus Cardoso,MONTEIRO DAS FLORES,MG,Residencial,02/02/2025,0317,02,031702
635,Luiz Miguel Freitas,SOUZA,MG,Residencial,16/12/2023,0495,02,049502
636,Ryan Da Paz,SILVEIRA DE VIEIRA,SP,Residencial,06/12/2021,0492,03,049203
637,Yago Fernandes,MONTEIRO,SP,Industrial,07/09/2023,0315,03,031503
638,Olivia Dias,REZENDE DA SERRA,SP,Comercial,04/02/2021,0432,03,043203
639,Daniel Da Costa,PEIXOTO DO CAMPO,MG,Industrial,27/12/2022,0385,02,038502
640,Augusto Caldeira,DA MOTA DE MOREIRA,BA,Industrial,25/08/2023,0176,01,017601
641,Luiz Fernando Rodrigues,CARVALHO VERDE,SP,Comercial,22/12/2021,0087,03,008703
642,Alice Da Conceicao,CAMPOS,SP,Industrial,07/02/2022,0059,03,005903
643,Caio Barros,JESUS,MG,Comercial,21/11/2020,0269,02,026902
644,Luiz Felipe Moreira,PORTO ALEGRE,SP,Residencial,01/09/2020,0409,03,040903
645,Heitor Castro,CARDOSO,BA,Comercial,21/02/2023,0070,01,007001
646,Marcela Costela,DIAS,BA,Residencial,14/12/2022,0211,01,021101
647,Nicole Cunha,DA COSTA,SP,Industrial,15/05/2023,0143,03,014303
648,Caio Da Rocha,FERNANDES DE MINAS,SP,Industrial,19/04/2021,0237,03,023703
649,Bruno Souza,MOREIRA DA PRAIA,MG,Residencial,02/04/2025,0330,02,033002
650,Thomas Silveira,SILVA,BA,Industrial,08/12/2021,0478,01,047801
651,Lais Nascimento,JESUS DOS DOURADOS,BA,Comercial,20/04/2023,0275,01,027501
652,Helena Nunes,COSTA DE GOIAS,SP,Residencial,24/03/2022,0119,03,011903
653,Vitor Gabriel Teixeira,MONTEIRO ALEGRE,MG,Industrial,10/11/2024,0316,02,031602
654,Ana Julia Aragao,PORTO,BA,Residencial,30/06/2022,0408,01,040801
655,Noah Da Luz,BARBOSA DAS FLORES,BA,Comercial,30/03/2022,0038,01,003801
656,Bryan Sales,DA MATA DOS DOURADOS,MG,Comercial,20/11/2020,0170,02,017002
657,Yuri Ramos,COSTA,MG,Industrial,14/06/2022,0118,02,011802
658,Lucas Gabriel Ferreira,CASTRO DE GONCALVES,BA,Comercial,15/07/2020,0092,01,009201
659,Helena Pereira,MONTEIRO DE VIEIRA,BA,Residencial,10/08/2023,0321,01,032101
660,Thomas Barros,ALMEIDA,MG,Comercial,22/07/2021,0001,02,000102
661,Eduardo Da Paz,VIEIRA,BA,Residencial,02/09/2023,0516,01,051601
662,Sabrina Cardoso,SALES DE VIANA,SP,Residencial,03/08/2023,0464,03,046403
663,Ana Beatriz Da Luz,CAMPOS,SP,Comercial,27/09/2023,0059,03,005903
664,Davi Lucas Fogaca,DA COSTA DE MINAS,MG,Industrial,08/03/2022,0146,02,014602
665,Vitor Costela,DA MATA DO CAMPO,MG,Comercial,01/05/2023,0168,02,016802
666,Nicole Almeida,LOPES DA PRAIA,MG,Residencial,29/07/2024,0283,02,028302
667,Helena Das Neves,RIBEIRO ALEGRE,SP,Residencial,27/12/2022,0439,03,043903
668,Maria Julia Da Rocha,DA ROCHA,BA,Comercial,01/06/2024,0192,01,019201
669,Evelyn Pinto,MARTINS,SP,Industrial,03/09/2023,0291,03,029103
670,Luiz Otavio Rocha,OLIVEIRA GRANDE,BA,Industrial,07/11/2020,0379,01,037901
671,Eduarda Goncalves,MORAES,SP,Residencial,01/04/2022,0324,03,032403
672,Clara Aragao,LIMA,BA,Residencial,26/10/2021,0277,01,027701
673,Catarina Pereira,CARDOSO,SP,Industrial,24/12/2024,0070,03,007003
674,Beatriz Ribeiro,MOREIRA DE MINAS,MG,Comercial,24/11/2020,0333,02,033302
675,Maria Clara Cardoso,FERNANDES DO SUL,SP,Residencial,07/11/2021,0238,03,023803
676,Sarah Das Neves,CARDOSO DA SERRA,BA,Residencial,05/08/2023,0073,01,007301
677,Vitor Gabriel Da Rosa,PORTO DO AMPARO,SP,Industrial,01/02/2025,0415,03,041503
678,Isabelly Castro,DA PAZ DOS DOURADOS,SP,Comercial,06/01/2022,0191,03,019103
679,Joao Guilherme Sales,FERNANDES DAS FLORES,SP,Industrial,18/06/2020,0235,03,023503
680,Vitor Gabriel Da Rosa,DAS NEVES,MG,Comercial,17/02/2023,0207,02,020702
681,Ana Carolina Barros,MOREIRA,SP,Comercial,05/05/2025,0329,03,032903
682,Mirella Goncalves,COSTELA DA PRAIA,MG,Comercial,20/02/2021,0125,02,012502
683,Camila Da Cruz,LOPES DE FREITAS,MG,Residencial,05/03/2021,0287,02,028702
684,Maria Fernanda Nascimento,MORAES,SP,Industrial,26/08/2022,0324,03,032403
685,Rafael Melo,CASTRO DO NORTE,SP,Industrial,14/02/2021,0095,03,009503
686,Giovanna Nascimento,CARVALHO,SP,Comercial,30/05/2020,0080,03,008003
687,Maria Julia Rezende,MELO,BA,Residencial,15/07/2024,0298,01,029801
688,Arthur Barros,GOMES DE NOGUEIRA,SP,Residencial,30/09/2022,0262,03,026203
689,Diogo Nogueira,DA MATA,MG,Industrial,30/03/2022,0161,02,016102
690,Raul Da Conceicao,GONCALVES,SP,Residencial,04/01/2024,0265,03,026503
691,Sabrina Freitas,SALES DE GOIAS,BA,Residencial,31/10/2020,0461,01,046101
692,Sophie Silveira,DA CONCEICAO,SP,Comercial,21/08/2024,0137,03,013703
693,Levi Da Paz,DA MATA DO OESTE,BA,Residencial,06/08/2020,0169,01,016901
694,Felipe Castro,MONTEIRO DE CALDEIRA,BA,Comercial,04/06/2020,0318,01,031801
695,Vitor Hugo Souza,PEREIRA,SP,Industrial,15/06/2024,0386,03,038603
696,Amanda Vieira,PIRES,MG,Residencial,19/11/2023,0402,02,040202
697,Raul Nascimento,MONTEIRO,BA,Industrial,06/09/2021,0315,01,031501
698,Clarice Santos,ALVES PAULISTA,SP,Industrial,30/11/2020,0016,03,001603
699,Lorena Ferreira,DIAS DA MATA,SP,Residencial,17/07/2023,0213,03,021303
700,Manuela Da Rocha,GOMES GRANDE,MG,Residencial,13/08/2021,0264,02,026402
701,Augusto Teixeira,CASTRO,BA,Industrial,09/06/2021,0088,01,008801
702,Arthur Nunes,SOUZA DOS DOURADOS,BA,Residencial,27/11/2023,0502,01,050201
703,Ana Vitoria Da Mata,SILVA DE TEIXEIRA,SP,Comercial,14/09/2021,0483,03,048303
704,Joao Rodrigues,DAS NEVES,SP,Comercial,28/03/2025,0207,03,020703
705,Clara Fogaca,SILVEIRA DO CAMPO,MG,Residencial,27/05/2023,0493,02,049302
706,Alexia Aragao,ALVES DA SERRA,MG,Industrial,16/09/2024,0011,02,001102
707,Caio Rezende,AZEVEDO DA PRAIA,BA,Residencial,29/09/2022,0032,01,003201
708,Gabriel Costela,JESUS,BA,Residencial,27/07/2021,0269,01,026901
709,Maria Cecilia Pinto,SALES,SP,Industrial,23/05/2022,0459,03,045903
710,Thales Vieira,MARTINS DA MATA,BA,Industrial,24/11/2024,0292,01,029201
711,Isabella Costa,MONTEIRO DE MORAES,MG,Comercial,10/10/2023,0320,02,032002
712,Manuela Oliveira,NOGUEIRA,MG,Industrial,13/04/2025,0349,02,034902
713,Kaique Da Cruz,SILVA DAS PEDRAS,SP,Comercial,02/11/2021,0480,03,048003
714,Alicia Da Rocha,CUNHA,MG,Industrial,11/04/2023,0130,02,013002
715,Enzo Martins,RODRIGUES,MG,Residencial,28/02/2021,0455,02,045502
716,Catarina Araujo,DIAS,MG,Comercial,09/09/2022,0211,02,021102
717,Livia Monteiro,DA ROCHA DE LIMA,MG,Comercial,01/07/2024,0195,02,019502
718,Livia Da Rocha,GOMES,SP,Comercial,03/09/2024,0259,03,025903
719,Maria Eduarda Da Conceicao,DA CRUZ,SP,Residencial,11/08/2020,0148,03,014803
720,Pedro Lucas Campos,ALMEIDA DO SUL,BA,Residencial,07/11/2020,0008,01,000801
721,Diego Martins,SANTOS DE DA LUZ,MG,Residencial,14/01/2024,0472,02,047202
722,Francisco Da Luz,CAMPOS,BA,Residencial,16/08/2022,0059,01,005901
723,Joao Lucas Ferreira,ARAUJO,SP,Residencial,07/10/2020,0021,03,002103
724,Maria Martins,MOREIRA DO OESTE,SP,Comercial,10/09/2022,0337,03,033703
725,Gabrielly Farias,PEIXOTO,SP,Residencial,21/10/2023,0380,03,038003
726,Paulo Nogueira,FERNANDES,SP,Comercial,14/02/2022,0232,03,023203
727,Enzo Gabriel Duarte,DA ROCHA,SP,Residencial,01/04/2023,0192,03,019203
728,Vitor Alves,NOVAES DE PIRES,SP,Industrial,06/03/2025,0359,03,035903
729,Raul Da Mata,MELO,SP,Comercial,25/11/2024,0298,03,029803
730,Leticia Moura,NUNES GRANDE,MG,Industrial,23/08/2020,0372,02,037202
731,Enzo Pires,PORTO DO CAMPO,BA,Comercial,21/06/2022,0416,01,041601
732,Maria Silva,FERREIRA,SP,Industrial,31/12/2023,0239,03,023903
733,Juliana Pereira,CARVALHO DE RIBEIRO,MG,Residencial,27/06/2021,0083,02,008302
734,Renan Da Mata,DAS NEVES,MG,Residencial,02/08/2024,0207,02,020702
735,Amanda Barros,VIANA,BA,Residencial,21/09/2022,0509,01,050901
736,Bernardo Carvalho,DA MOTA,SP,Comercial,09/01/2024,0173,03,017303
737,Vinicius Caldeira,FARIAS DO SUL,BA,Industrial,20/02/2023,0230,01,023001
738,Joao Miguel Fernandes,PIRES DE DA MATA,SP,Residencial,08/10/2024,0404,03,040403
739,Eduardo Ferreira,VIEIRA,MG,Industrial,01/03/2023,0516,02,051602
740,Evelyn Mendes,PEIXOTO,MG,Industrial,12/07/2024,0380,02,038002
741,Joao Gabriel Da Conceicao,FERNANDES,MG,Residencial,01/09/2023,0232,02,023202
742,Maria Cecilia Rodrigues,MENDES DE VIANA,MG,Residencial,11/02/2022,0312,02,031202
743,Isadora Melo,SANTOS DOS DOURADOS,BA,Industrial,01/08/2021,0476,01,047601
744,Alexia Mendes,RIBEIRO DE GOIAS,SP,Residencial,21/04/2024,0441,03,044103
745,Kevin Silveira,MARTINS,SP,Residencial,24/09/2020,0291,03,029103
746,Isadora Da Rosa,DAS NEVES,BA,Residencial,28/12/2020,0207,01,020701
747,Alice Ferreira,MENDES,SP,Comercial,31/08/2022,0305,03,030503
748,Ana Cavalcanti,DAS NEVES,MG,Industrial,29/12/2020,0207,02,020702
749,Anthony Novaes,DA COSTA,SP,Industrial,06/04/2024,0143,03,014303
750,Bruno Martins,VIANA,MG,Comercial,01/03/2025,0509,02,050902
751,Amanda Viana,FARIAS,BA,Industrial,04/12/2023,0225,01,022501
752,Ana Vitoria Caldeira,PINTO DO OESTE,SP,Residencial,15/06/2024,0400,03,040003
753,Milena Campos,NOVAES,BA,Industrial,09/05/2022,0354,01,035401
754,Yuri Mendes,DA MATA,SP,Residencial,08/08/2023,0161,03,016103
755,Diogo Silveira,GONCALVES,MG,Comercial,04/01/2024,0265,02,026502
756,Eduardo Correia,SALES DE MINAS,BA,Residencial,30/01/2024,0462,01,046201
757,Bernardo Da Cruz,NOVAES DA SERRA,SP,Industrial,21/03/2022,0355,03,035503
758,Benicio Lopes,FARIAS,MG,Industrial,04/01/2024,0225,02,022502
759,Otavio Da Cruz,MOREIRA DE DIAS,BA,Industrial,09/06/2023,0331,01,033101
760,Ana Julia Barbosa,NUNES DO GALHO,BA,Comercial,18/09/2021,0371,01,037101
761,Leandro Silva,ARAUJO DA PRATA,SP,Comercial,20/02/2021,0022,03,002203
762,Helena Jesus,VIANA,SP,Industrial,01/06/2021,0509,03,050903
763,Ana Clara Freitas,MENDES,SP,Residencial,30/04/2024,0305,03,030503
764,Leticia Alves,DA PAZ DE DA MOTA,MG,Comercial,02/09/2020,0185,02,018502
765,Felipe Alves,PEIXOTO DE SILVEIRA,SP,Industrial,18/04/2025,0384,03,038403
766,Thiago Da Paz,CALDEIRA,BA,Industrial,06/10/2024,0049,01,004901
767,Lucca Cardoso,ROCHA DE VIANA,BA,Comercial,19/03/2021,0453,01,045301
768,Marina Costa,SOUZA,SP,Comercial,04/11/2022,0495,03,049503
769,Felipe Nascimento,DA ROSA,SP,Comercial,23/01/2023,0198,03,019803
770,Joana Nunes,MOREIRA,BA,Residencial,08/08/2021,0329,01,032901
771,Melissa Pereira,RIBEIRO,MG,Residencial,16/08/2024,0438,02,043802
772,Erick Cardoso,CORREIA,SP,Industrial,14/06/2024,0108,03,010803
773,Joao Vitor Silveira,PORTO,SP,Comercial,16/06/2023,0408,03,040803
774,Maria Clara Caldeira,NOGUEIRA DE FERNANDES,BA,Residencial,04/09/2022,0350,01,035001
775,Murilo Melo,CORREIA DE CALDEIRA,SP,Comercial,09/11/2020,0111,03,011103
776,Joao Felipe Sales,PEIXOTO,MG,Industrial,23/04/2022,0380,02,038002
777,Vitor Silveira,ROCHA DAS PEDRAS,BA,Residencial,17/11/2023,0448,01,044801
778,Luiz Felipe Da Costa,CORREIA DA MATA,SP,Residencial,24/06/2024,0109,03,010903
779,Antonio Nunes,CALDEIRA DOS DOURADOS,BA,Residencial,12/05/2023,0057,01,005701
780,Ryan Cavalcanti,ARAUJO,SP,Industrial,27/03/2021,0021,03,002103
781,Caue Jesus,CARDOSO DO OESTE,SP,Comercial,06/05/2021,0077,03,007703
782,Heitor Moraes,DA PAZ DE BARROS,SP,Residencial,22/05/2023,0184,03,018403
783,Lara Da Cruz,RAMOS DO AMPARO,MG,Industrial,26/03/2021,0425,02,042502
784,Eduarda Vieira,PINTO DAS PEDRAS,MG,Comercial,22/11/2023,0398,02,039802
785,Diego Da Mota,JESUS,BA,Industrial,05/09/2023,0269,01,026901
786,Fernanda Pereira,SOUZA,SP,Comercial,12/11/2023,0495,03,049503
787,Alice Mendes,FERREIRA,SP,Industrial,31/10/2023,0239,03,023903
788,Melissa Almeida,DA LUZ,MG,Comercial,15/03/2024,0155,02,015502
789,Bianca Da Rosa,OLIVEIRA DO NORTE,SP,Residencial,23/06/2021,0378,03,037803
790,Alexandre Souza,CASTRO DO AMPARO,MG,Comercial,26/12/2023,0094,02,009402
791,Isaac Silva,PEREIRA DE FARIAS,SP,Industrial,01/01/2023,0389,03,038903
792,Lavinia Monteiro,DA ROSA DE MENDES,BA,Industrial,29/03/2025,0202,01,020201
793,Heitor Ribeiro,CASTRO,SP,Comercial,13/06/2023,0088,03,008803
794,Nina Carvalho,SILVEIRA DO CAMPO,SP,Residencial,10/08/2021,0493,03,049303
795,Paulo Cardoso,DA ROCHA ALEGRE,MG,Residencial,26/09/2023,0193,02,019302
796,Pedro Mendes,SOUZA DA PRAIA,SP,Comercial,06/11/2021,0497,03,049703
797,Camila Da Mota,RIBEIRO DO GALHO,SP,Comercial,18/12/2024,0445,03,044503
798,Ana Carolina Cavalcanti,SANTOS GRANDE,MG,Industrial,30/12/2024,0477,02,047702
799,Stella Cunha,DA ROCHA,BA,Residencial,13/12/2021,0192,01,019201
800,Mariana Silveira,COSTA DE NOGUEIRA,BA,Comercial,13/05/2025,0121,01,012101
801,Maria Eduarda Alves,FERNANDES,MG,Residencial,06/02/2021,0232,02,023202
802,Agatha Pereira,VIANA DE CARDOSO,MG,Comercial,01/04/2025,0511,02,051102
803,Luna Cardoso,CAMPOS,MG,Comercial,28/07/2021,0059,02,005902
804,Valentina Rezende,ROCHA,MG,Residencial,04/03/2023,0447,02,044702
805,Daniela Ferreira,FERREIRA DA PRAIA,MG,Comercial,17/01/2023,0240,02,024002
806,Mariana Lopes,REZENDE,BA,Comercial,22/09/2023,0429,01,042901
807,Marina Pinto,DA MOTA PAULISTA,BA,Industrial,30/11/2022,0180,01,018001
808,Lais Porto,NASCIMENTO DO GALHO,MG,Comercial,15/07/2020,0348,02,034802
809,Maria Luiza Santos,DA MATA DA MATA,SP,Comercial,08/04/2021,0162,03,016203
810,Lucca Fernandes,CAVALCANTI,MG,Comercial,06/07/2022,0097,02,009702
811,Sophia Costela,NUNES DAS PEDRAS,SP,Industrial,04/12/2022,0367,03,036703
812,Melissa Da Paz,CASTRO,MG,Residencial,03/01/2022,0088,02,008802
813,Isis Sales,LOPES DO AMPARO,MG,Industrial,31/12/2022,0290,02,029002
814,Ana Beatriz Vieira,MARTINS DO NORTE,BA,Industrial,21/10/2021,0296,01,029601
815,Caue Pinto,DA PAZ DAS FLORES,SP,Residencial,15/02/2022,0183,03,018303
816,Kamilly Cavalcanti,NOVAES DE DA ROCHA,SP,Industrial,22/12/2020,0357,03,035703
817,Marcos Vinicius Da Luz,RIBEIRO DA SERRA,BA,Residencial,05/03/2025,0440,01,044001
818,Benjamin Ribeiro,DA COSTA,BA,Industrial,11/10/2024,0143,01,014301
819,Calebe Caldeira,SALES,BA,Residencial,16/01/2023,0459,01,045901
820,Alexandre Cardoso,PORTO,BA,Comercial,01/10/2021,0408,01,040801
821,Emilly Silva,MORAES,SP,Industrial,10/04/2023,0324,03,032403
822,Marcela Jesus,CAMPOS VERDE,SP,Industrial,16/11/2020,0069,03,006903
823,Camila Duarte,CALDEIRA DO SUL,MG,Industrial,18/06/2021,0056,02,005602
824,Benjamin Sales,CARDOSO,MG,Industrial,11/01/2024,0070,02,007002
825,Diogo Gomes,AZEVEDO DE GOIAS,BA,Comercial,23/08/2024,0034,01,003401
826,Davi Lucas Araujo,DA ROSA DE PEREIRA,BA,Industrial,30/09/2023,0203,01,020301
827,Julia Freitas,FARIAS DE REZENDE,BA,Comercial,28/04/2021,0227,01,022701
828,Diego Araujo,SOUZA DA PRATA,MG,Comercial,11/12/2024,0498,02,049802
829,Calebe Dias,CASTRO,MG,Comercial,19/07/2020,0088,02,008802
830,Vitor Gabriel Silveira,PEREIRA,MG,Comercial,27/11/2021,0386,02,038602
831,Maria Cecilia Cunha,NASCIMENTO DE DAS NEVES,MG,Residencial,27/03/2023,0347,02,034702
832,Lucas Lima,FERREIRA,MG,Residencial,17/05/2025,0239,02,023902
833,Beatriz Da Mota,DA MOTA DA PRATA,MG,Industrial,15/01/2022,0174,02,017402
834,Nicolas Souza,CUNHA,MG,Residencial,26/11/2022,0130,02,013002
835,Natalia Porto,COSTELA DE GONCALVES,BA,Residencial,16/08/2023,0127,01,012701
836,Benicio Silveira,JESUS,BA,Industrial,20/11/2022,0269,01,026901
837,Lorenzo Cunha,DA CONCEICAO,BA,Industrial,02/02/2024,0137,01,013701
838,Luiz Miguel Viana,PEIXOTO,BA,Industrial,08/07/2020,0380,01,038001
839,Alicia Gomes,CORREIA DO SUL,MG,Residencial,23/01/2022,0116,02,011602
840,Isabella Rezende,CAVALCANTI DO SUL,SP,Residencial,15/02/2021,0104,03,010403
841,Ana Laura Silveira,RODRIGUES DO AMPARO,MG,Industrial,23/04/2023,0457,02,045702
842,Luiza Sales,CALDEIRA DO OESTE,SP,Comercial,23/07/2021,0055,03,005503
843,Theo Costa,MENDES DAS FLORES,BA,Industrial,07/06/2022,0307,01,030701
844,Vinicius Castro,CAMPOS DAS FLORES,MG,Comercial,18/10/2021,0063,02,006302
845,Benicio Dias,DA CUNHA DE MINAS,BA,Comercial,23/06/2023,0154,01,015401
846,Breno Ramos,FERREIRA,MG,Industrial,17/04/2025,0239,02,023902
847,Joao Pedro Goncalves,NASCIMENTO,BA,Industrial,07/04/2023,0344,01,034401
848,Rafael Pires,SALES,SP,Industrial,12/07/2024,0459,03,045903
849,Breno Moraes,PEIXOTO,SP,Residencial,28/05/2023,0380,03,038003
850,Luiz Gustavo Ferreira,NUNES PAULISTA,SP,Comercial,17/04/2025,0373,03,037303
851,Raul Da Mata,SANTOS DO SUL,MG,Residencial,21/06/2021,0475,02,047502
852,Evelyn Vieira,SILVEIRA,SP,Residencial,20/08/2022,0487,03,048703
853,Fernando Rezende,CARVALHO DE SILVEIRA,MG,Industrial,16/03/2022,0084,02,008402
854,Ana Vitoria Viana,ARAGAO DA SERRA,SP,Residencial,07/09/2024,0018,03,001803
855,Rebeca Oliveira,NOGUEIRA,SP,Industrial,13/02/2025,0349,03,034903
856,Maria Julia Da Conceicao,DA COSTA,MG,Comercial,21/08/2022,0143,02,014302
857,Alana Campos,DA MATA PAULISTA,MG,Industrial,04/04/2024,0172,02,017202
858,Diego Da Conceicao,DUARTE,SP,Residencial,29/06/2021,0217,03,021703
859,Maria Vitoria Freitas,PORTO DE CARDOSO,MG,Residencial,24/11/2020,0411,02,041102
860,Brenda Pereira,PINTO DO OESTE,SP,Industrial,25/05/2023,0400,03,040003
861,Catarina Freitas,DA LUZ,MG,Industrial,23/09/2022,0155,02,015502
862,Maria Eduarda Peixoto,GOMES,BA,Residencial,21/06/2021,0259,01,025901
863,Evelyn Teixeira,CARVALHO DO NORTE,BA,Comercial,15/05/2022,0086,01,008601
864,Marina Nascimento,SILVA,BA,Comercial,30/07/2021,0478,01,047801
865,Gabriela Da Cruz,GOMES,BA,Industrial,12/05/2025,0259,01,025901
866,Sophie Gomes,TEIXEIRA,BA,Comercial,16/07/2020,0503,01,050301
867,Marina Peixoto,COSTA,SP,Residencial,28/02/2025,0118,03,011803
868,Marcela Oliveira,ARAUJO,BA,Industrial,11/02/2022,0021,01,002101
869,Kamilly Moura,REZENDE,BA,Residencial,29/07/2023,0429,01,042901
870,Joao Gabriel Peixoto,CAMPOS PAULISTA,BA,Residencial,30/10/2024,0068,01,006801
871,Isabel Silveira,NASCIMENTO,BA,Comercial,07/11/2020,0344,01,034401
872,Rodrigo Peixoto,DA CONCEICAO DE ROCHA,MG,Industrial,04/08/2023,0141,02,014102
873,Fernanda Pinto,DA PAZ DE SANTOS,SP,Industrial,16/12/2024,0187,03,018703
874,Marcelo Da Mata,DA LUZ,BA,Comercial,31/05/2021,0155,01,015501
875,Murilo Moreira,MORAES DE MORAES,BA,Residencial,08/07/2024,0326,01,032601
876,Joaquim Goncalves,LIMA,BA,Residencial,14/06/2022,0277,01,027701
877,Luiz Miguel Duarte,FREITAS,SP,Residencial,19/04/2021,0255,03,025503
878,Mariane Monteiro,SANTOS DE FERREIRA,MG,Residencial,02/10/2022,0473,02,047302
879,Luiz Felipe Moura,JESUS,SP,Industrial,01/06/2022,0269,03,026903
880,Caroline Fernandes,DUARTE DA MATA,MG,Industrial,16/09/2020,0219,02,021902
881,Nicole Silveira,DA PAZ,BA,Comercial,11/08/2020,0181,01,018101
882,Emanuella Viana,DA PAZ,BA,Comercial,18/03/2022,0181,01,018101
883,Juan Costela,FERREIRA DE MINAS,SP,Industrial,07/09/2020,0243,03,024303
884,Sofia Rodrigues,GOMES,SP,Industrial,27/08/2023,0259,03,025903
885,Ana Julia Moraes,GONCALVES DA PRATA,MG,Residencial,10/01/2025,0266,02,026602
886,Sarah Cardoso,REZENDE VERDE,MG,Residencial,31/08/2023,0437,02,043702
887,Luiz Miguel Da Costa,DA LUZ,SP,Comercial,07/04/2022,0155,03,015503
888,Isadora Da Cruz,MENDES DA PRATA,MG,Industrial,07/04/2022,0306,02,030602
889,Marcela Moura,CALDEIRA DO NORTE,SP,Comercial,27/09/2023,0054,03,005403
890,Isabelly Costa,DA LUZ,MG,Industrial,01/11/2022,0155,02,015502
891,Luiz Henrique Ribeiro,JESUS,SP,Residencial,14/11/2023,0269,03,026903
892,Ana Julia Porto,REZENDE,SP,Comercial,11/12/2021,0429,03,042903
893,Emanuelly Pinto,ROCHA DE GOIAS,SP,Comercial,30/03/2023,0450,03,045003
894,Maria Eduarda Castro,PIRES DO AMPARO,MG,Industrial,09/12/2024,0406,02,040602
895,Vicente Costa,FARIAS GRANDE,MG,Residencial,09/08/2023,0231,02,023102
896,Eloah Da Mota,OLIVEIRA,MG,Comercial,07/11/2020,0374,02,037402
897,Maria Sophia Teixeira,CORREIA DE DA MATA,SP,Residencial,06/08/2022,0112,03,011203
898,Ana Julia Cavalcanti,CAVALCANTI DE DA ROCHA,MG,Comercial,09/03/2025,0100,02,010002
899,Pedro Peixoto,DA LUZ,MG,Residencial,10/07/2022,0155,02,015502
900,Antonio Da Mota,DIAS DO GALHO,SP,Industrial,20/03/2024,0216,03,021603
901,Yago Almeida,JESUS,BA,Comercial,06/10/2023,0269,01,026901
902,Luiz Otavio Monteiro,OLIVEIRA DO GALHO,SP,Comercial,03/03/2025,0377,03,037703
903,Julia Caldeira,CAVALCANTI,MG,Residencial,26/11/2020,0097,02,009702
904,Sophie Dias,DA LUZ,SP,Residencial,21/04/2025,0155,03,015503
905,Igor Nogueira,PINTO,BA,Comercial,16/04/2023,0397,01,039701
906,Guilherme Da Mata,COSTA,SP,Industrial,16/12/2021,0118,03,011803
907,Eduardo Fogaca,COSTA,MG,Residencial,06/01/2024,0118,02,011802
908,Rebeca Moraes,SALES DE PEREIRA,BA,Residencial,25/04/2024,0463,01,046301
909,Amanda Melo,FREITAS,MG,Residencial,11/01/2025,0255,02,025502
910,Gabriel Rocha,DIAS DE FERREIRA,BA,Comercial,19/08/2020,0214,01,021401
911,Carlos Eduardo Ramos,MOURA,BA,Comercial,25/01/2024,0340,01,034001
912,Valentina Moreira,CARDOSO,SP,Comercial,30/08/2024,0070,03,007003
913,Maria Sophia Lopes,FOGACA,SP,Comercial,16/11/2023,0247,03,024703
914,Ana Clara Fernandes,GONCALVES,MG,Industrial,28/04/2025,0265,02,026502
915,Sabrina Ribeiro,ARAUJO,SP,Industrial,15/05/2022,0021,03,002103
916,Guilherme Barros,NUNES DA PRATA,SP,Comercial,02/06/2022,0365,03,036503
917,Helena Dias,BARBOSA DO GALHO,BA,Industrial,24/04/2025,0042,01,004201
918,Kaique Cardoso,COSTA DO CAMPO,SP,Residencial,12/01/2022,0122,03,012203
919,Ryan Nascimento,LOPES DA PRATA,BA,Residencial,14/11/2023,0284,01,028401
920,Otavio Freitas,MONTEIRO,BA,Residencial,21/07/2024,0315,01,031501
921,Isabella Costa,MENDES DE BARBOSA,BA,Comercial,21/11/2024,0308,01,030801
922,Leandro Ribeiro,CARVALHO DE TEIXEIRA,MG,Residencial,17/01/2025,0085,02,008502
923,Natalia Santos,LOPES,MG,Industrial,09/04/2022,0281,02,028102
924,Julia Fernandes,CAMPOS DA PRAIA,MG,Comercial,13/07/2021,0061,02,006102
925,Alana Pinto,BARBOSA DE MINAS,BA,Industrial,17/04/2022,0041,01,004101
926,Pedro Caldeira,REZENDE DA PRATA,MG,Residencial,27/02/2022,0431,02,043102
927,Elisa Nunes,AZEVEDO DA PRAIA,MG,Residencial,29/03/2021,0032,02,003202
928,Luiz Gustavo Da Rosa,SOUZA,SP,Residencial,24/10/2022,0495,03,049503
929,Raquel Freitas,RAMOS DO GALHO,MG,Comercial,22/03/2021,0426,02,042602
930,Noah Correia,SILVEIRA,MG,Industrial,25/03/2021,0487,02,048702
931,Maria Eduarda Cavalcanti,VIANA,BA,Comercial,26/10/2020,0509,01,050901
932,Benicio Da Mata,DUARTE DOS DOURADOS,BA,Comercial,06/12/2022,0223,01,022301
933,Murilo Da Luz,VIANA,BA,Residencial,03/03/2024,0509,01,050901
934,Ana Vitoria Dias,LOPES DA MATA,BA,Comercial,21/03/2022,0282,01,028201
935,Kevin Melo,LOPES DE DAS NEVES,BA,Comercial,12/07/2022,0286,01,028601
936,Ana Julia Costa,NOVAES,BA,Residencial,23/10/2022,0354,01,035401
937,Gabriela Da Conceicao,SOUZA,MG,Comercial,28/08/2023,0495,02,049502
938,Sabrina Da Conceicao,DA CONCEICAO DE FERREIRA,BA,Residencial,10/04/2024,0140,01,014001
939,Esther Aragao,COSTA,BA,Residencial,19/07/2024,0118,01,011801
940,Esther Dias,MORAES,SP,Residencial,22/11/2020,0324,03,032403
941,Clarice Campos,FARIAS DAS FLORES,MG,Residencial,14/10/2021,0226,02,022602
942,Francisco Mendes,DUARTE ALEGRE,MG,Comercial,17/08/2020,0218,02,021802
943,Guilherme Azevedo,DA LUZ,MG,Residencial,27/05/2023,0155,02,015502
944,Clara Farias,GOMES DAS FLORES,BA,Residencial,10/03/2024,0261,01,026101
945,Isaac Lopes,PORTO DO OESTE,BA,Comercial,12/09/2020,0418,01,041801
946,Gabriela Silveira,GOMES DA MATA,BA,Comercial,07/07/2022,0260,01,026001
947,Helena Castro,ALMEIDA,SP,Industrial,10/01/2024,0001,03,000103
948,Alicia Da Costa,RIBEIRO DE MINAS,BA,Comercial,29/08/2021,0442,01,044201
949,Melissa Nascimento,CASTRO DA PRATA,SP,Comercial,05/11/2024,0090,03,009003
950,Pedro Miguel Pires,DUARTE DA PRATA,MG,Industrial,03/08/2022,0220,02,022002
951,Natalia Cavalcanti,FREITAS DO GALHO,BA,Comercial,05/08/2020,0257,01,025701
952,Catarina Moreira,COSTA DE MINAS,SP,Comercial,24/11/2021,0120,03,012003
953,Renan Campos,DAS NEVES DE CARDOSO,SP,Comercial,20/01/2022,0208,03,020803
954,Isis Porto,MONTEIRO DO SUL,BA,Comercial,06/03/2025,0323,01,032301
955,Henrique Monteiro,ROCHA,MG,Industrial,25/02/2023,0447,02,044702
956,Luana Rezende,RIBEIRO,MG,Comercial,23/05/2022,0438,02,043802
957,Marcela Ribeiro,SILVA,MG,Comercial,12/08/2021,0478,02,047802
958,Yasmin Pinto,BARBOSA,SP,Industrial,04/01/2023,0037,03,003703
959,Davi Costa,ALMEIDA DO AMPARO,SP,Residencial,26/09/2023,0007,03,000703
960,Joao Lucas Cardoso,PEREIRA DO SUL,SP,Industrial,17/10/2024,0395,03,039503
961,Mariana Da Paz,SOUZA DO OESTE,SP,Residencial,09/05/2023,0501,03,050103
962,Maria Clara Dias,DA COSTA DE CARVALHO,MG,Industrial,09/08/2020,0144,02,014402
963,Rebeca Souza,FERNANDES DA SERRA,BA,Industrial,14/05/2023,0234,01,023401
964,Diogo Fogaca,ARAUJO DO NORTE,SP,Comercial,27/07/2024,0028,03,002803
965,Joao Guilherme Costela,ALMEIDA DE RODRIGUES,SP,Residencial,06/08/2020,0006,03,000603
966,Luana Da Paz,DA PAZ,MG,Comercial,26/12/2024,0181,02,018102
967,Maria Clara Oliveira,SOUZA DA PRAIA,BA,Residencial,23/02/2024,0497,01,049701
968,Marina Silveira,ALMEIDA,BA,Industrial,28/08/2021,0001,01,000101
969,Murilo Nascimento,DA CUNHA DE MINAS,MG,Industrial,13/10/2024,0154,02,015402
970,Ana Livia Monteiro,RIBEIRO,MG,Residencial,09/01/2025,0438,02,043802
971,Gabriel Castro,NOGUEIRA,BA,Comercial,04/12/2022,0349,01,034901
972,Erick Almeida,SANTOS,SP,Comercial,16/05/2024,0471,03,047103
973,Nathan Novaes,DIAS,BA,Comercial,28/08/2022,0211,01,021101
974,Isis Ramos,DIAS,MG,Comercial,21/12/2024,0211,02,021102
975,Isabella Rodrigues,NASCIMENTO,SP,Industrial,13/03/2024,0344,03,034403
976,Daniela Ferreira,REZENDE ALEGRE,SP,Industrial,27/07/2021,0430,03,043003
977,Maria Cecilia Silveira,CUNHA DA PRATA,MG,Industrial,28/05/2022,0132,02,013202
978,Luiz Fernando Azevedo,MOURA DO OESTE,MG,Industrial,17/06/2023,0343,02,034302
979,Igor Viana,REZENDE DO AMPARO,MG,Industrial,08/05/2022,0435,02,043502
980,Maria Fernanda Moura,DA MOTA,BA,Comercial,24/03/2021,0173,01,017301
981,Thomas Nogueira,SANTOS,BA,Comercial,19/09/2024,0471,01,047101
982,Maria Campos,CAMPOS DO GALHO,SP,Comercial,16/06/2020,0066,03,006603
983,Lara Gomes,NUNES DAS FLORES,MG,Comercial,08/10/2024,0366,02,036602
984,Camila Barbosa,NUNES DO GALHO,SP,Industrial,16/12/2023,0371,03,037103
985,Yuri Pereira,DA CONCEICAO DA PRAIA,SP,Industrial,23/08/2020,0138,03,013803
986,Catarina Azevedo,DA CRUZ,SP,Industrial,27/08/2022,0148,03,014803
987,Luana Da Costa,BARBOSA,SP,Residencial,15/06/2024,0037,03,003703
988,Eloah Barros,CORREIA DE NUNES,MG,Comercial,30/11/2020,0115,02,011502
989,Clarice Da Rocha,MOURA,SP,Comercial,12/05/2024,0340,03,034003
990,Isabel Costela,NOVAES DO GALHO,MG,Industrial,24/10/2024,0360,02,036002
991,Joaquim Jesus,CALDEIRA,MG,Comercial,10/02/2022,0049,02,004902
992,Joao Lucas Oliveira,MENDES,BA,Comercial,12/10/2023,0305,01,030501
993,Bianca Peixoto,SANTOS,MG,Industrial,11/04/2022,0471,02,047102
994,Maria Luiza Cunha,FREITAS PAULISTA,BA,Residencial,19/02/2022,0258,01,025801
995,Ian Caldeira,SOUZA DE CARDOSO,MG,Residencial,06/05/2025,0499,02,049902
996,Manuela Ribeiro,SILVA DO SUL,MG,Residencial,12/06/2024,0486,02,048602
997,Nicolas Azevedo,DA CONCEICAO DA PRAIA,MG,Industrial,10/04/2024,0138,02,013802
998,Francisco Das Neves,CAVALCANTI GRANDE,BA,Comercial,02/08/2024,0106,01,010601
999,Larissa Da Cunha,RAMOS,BA,Industrial,01/04/2023,0420,01,042001
1000,Stephany Campos,MOURA,SP,Industrial,21/03/2025,0340,03,034003
