id_cliente,nome_cliente,cidade,estado,tipo_cliente,data_adesao
1,Luna da Mota,Gonçalves,BA,Industrial,2024-09-26
2,Lavínia da Conceição,Santos Grande,SP,Industrial,2020-10-23
3,Antônio Viana,Farias,BA,Industrial,2021-06-27
4,Dr. Luiz Fernando Lopes,Cavalcanti do Norte,BA,Industrial,2022-11-03
5,Dra. Gabrielly Cardoso,Fernandes,SP,Residencial,2021-09-25
6,Maria Cecília Araújo,Rezende,SP,Industrial,2022-08-25
7,Pedro Miguel Cardoso,Azevedo,BA,Comercial,2024-06-19
8,Amanda Gomes,Silva de Mendes,MG,Comercial,2021-10-11
9,Ana Sophia Barbosa,Moura,BA,Industrial,2021-04-19
10,Emilly Cardoso,Jesus do Oeste,BA,Industrial,2020-06-24
11,Ana Júlia Pinto,Pinto do Norte,BA,Comercial,2025-04-01
12,Sabrina Moraes,Castro,BA,Comercial,2023-08-07
13,Vitor Peixoto,Almeida de Lima,SP,Residencial,2020-12-03
14,Vicente Barros,Alves,BA,Comercial,2023-01-15
15,Miguel Farias,Monteiro do Galho,MG,Comercial,2020-09-20
16,Dr. Pedro Lucas Moura,Cardoso Paulista,SP,Industrial,2024-11-28
17,Raquel Alves,Alves,MG,Comercial,2025-01-03
18,Laís Campos,Lopes,MG,Residencial,2024-02-24
19,Srta. Stella Farias,Costa,MG,Comercial,2021-06-14
20,Levi Araújo,Ramos da Prata,MG,Industrial,2022-02-09
21,João Felipe Ferreira,da Rocha,SP,Industrial,2024-01-24
22,Maria Alice Pereira,Alves Grande,SP,Comercial,2023-09-08
23,Pietra Lima,Lopes,MG,Industrial,2023-08-18
24,Sra. Giovanna Araújo,Moura de Gomes,MG,Residencial,2024-01-04
25,Gabrielly Jesus,Oliveira,SP,Residencial,2025-01-17
26,Rebeca Nogueira,Pereira de da Cruz,SP,Comercial,2024-05-01
27,Mariane Pinto,Duarte de Carvalho,SP,Comercial,2024-01-22
28,Alexia Rezende,Moreira,BA,Comercial,2022-05-28
29,Bárbara Campos,Barbosa do Galho,BA,Industrial,2024-07-09
30,Gabrielly Rocha,Gonçalves Grande,BA,Residencial,2022-12-03
31,Milena Porto,Lopes,MG,Residencial,2020-11-18
32,Pietro Gomes,Viana,BA,Industrial,2020-09-19
33,Camila da Costa,Ribeiro,MG,Residencial,2020-09-18
34,Gabrielly Barros,Sales dos Dourados,MG,Comercial,2022-12-28
35,Diego Dias,Rezende de Silva,BA,Comercial,2022-08-02
36,Sr. Bruno Costa,Vieira,MG,Comercial,2025-01-26
37,Renan Pinto,da Rosa,BA,Residencial,2023-04-26
38,João Gabriel Almeida,Rodrigues,BA,Comercial,2022-03-31
39,Vitor Hugo Moreira,Monteiro,SP,Industrial,2024-02-19
40,Dr. Enzo Gabriel Silveira,Cardoso,BA,Industrial,2024-11-23
41,Carlos Eduardo Moraes,Pereira,SP,Residencial,2022-09-28
42,Isabella Peixoto,Fernandes,BA,Industrial,2025-01-12
43,Marina Pires,Fernandes,BA,Industrial,2021-02-15
44,Manuela Viana,Mendes de Nascimento,SP,Residencial,2022-03-25
45,Daniela Rocha,Rodrigues Grande,SP,Comercial,2020-08-26
46,Dra. Ana Sophia Silva,Novaes,BA,Comercial,2022-05-24
47,Daniela Castro,Rezende do Campo,MG,Comercial,2024-03-10
48,Dr. Rodrigo Vieira,da Rocha do Oeste,SP,Residencial,2020-09-29
49,Erick Santos,Carvalho,MG,Industrial,2022-03-10
50,Sra. Bárbara Sales,Gomes do Amparo,MG,Comercial,2025-03-02
51,Natália Barbosa,Duarte,MG,Comercial,2021-10-18
52,Davi Fernandes,Melo de Alves,SP,Residencial,2020-08-25
53,Milena Correia,Viana de da Mota,MG,Comercial,2022-06-25
54,Isis Nogueira,Duarte Grande,SP,Residencial,2025-04-26
55,Gustavo da Conceição,Ramos Verde,MG,Industrial,2021-11-19
56,Paulo Almeida,da Costa,BA,Residencial,2021-08-19
57,Antônio Lopes,da Mota,BA,Residencial,2020-10-17
58,Gustavo Pires,Sales do Amparo,SP,Residencial,2023-02-12
59,Luana Duarte,Fernandes,BA,Residencial,2021-07-28
60,Srta. Luiza Jesus,Jesus,BA,Industrial,2024-07-26
61,Arthur Fogaça,Ribeiro de Nogueira,MG,Industrial,2023-08-26
62,Sr. Cauã Fernandes,Castro de Moura,SP,Comercial,2021-12-22
63,Ana Alves,Farias do Norte,MG,Industrial,2020-11-14
64,Pietra Vieira,Mendes dos Dourados,MG,Industrial,2021-01-05
65,Pedro Aragão,Azevedo,MG,Comercial,2023-01-06
66,João Pedro Barros,Pires,MG,Industrial,2021-01-17
67,Melissa Rezende,Vieira das Pedras,MG,Residencial,2025-05-17
68,Dr. Lucca Souza,Araújo dos Dourados,MG,Residencial,2021-11-30
69,Renan Vieira,Alves de Monteiro,MG,Comercial,2021-04-13
70,Sr. Ian Rezende,Cardoso de Viana,SP,Comercial,2020-08-21
71,Heloísa Martins,Jesus Alegre,BA,Comercial,2023-10-30
72,Ana da Paz,da Costa de Gomes,MG,Residencial,2024-10-31
73,Luiz Henrique Pinto,Alves do Oeste,MG,Industrial,2021-12-26
74,Fernanda da Rosa,da Paz,MG,Residencial,2023-03-22
75,Carlos Eduardo Santos,Rezende,MG,Comercial,2020-10-03
76,Maria Vitória Farias,da Luz,MG,Industrial,2023-12-27
77,Maria Fernanda Silva,Cavalcanti da Prata,MG,Industrial,2024-03-13
78,Emanuel Dias,Castro,BA,Residencial,2025-04-14
79,Arthur Moura,Pereira de Pereira,BA,Comercial,2020-12-30
80,Sophie da Costa,Martins dos Dourados,MG,Residencial,2024-08-08
81,Nina da Rocha,da Costa,BA,Industrial,2022-10-30
82,Sr. Carlos Eduardo Lopes,Fogaça dos Dourados,SP,Residencial,2020-06-18
83,Ana Lívia das Neves,Souza da Prata,MG,Residencial,2021-08-29
84,Igor Gonçalves,Lima,SP,Comercial,2023-07-11
85,João Vitor Mendes,Almeida de Dias,SP,Comercial,2022-03-29
86,Laís Farias,Cardoso,MG,Industrial,2021-11-21
87,Alice Costa,Dias Alegre,BA,Residencial,2020-11-20
88,Sr. Erick Lima,Moreira de Goiás,SP,Residencial,2022-11-10
89,Rodrigo da Paz,Gonçalves,MG,Residencial,2021-11-03
90,Dr. João Vitor Santos,Fernandes,SP,Industrial,2022-06-26
91,João Guilherme da Cunha,Porto de Silveira,SP,Industrial,2023-03-16
92,Otávio da Mota,Oliveira da Prata,SP,Comercial,2022-06-07
93,Dr. Anthony Lopes,da Luz de Araújo,SP,Comercial,2023-05-18
94,Ana Luiza Teixeira,Moraes,BA,Comercial,2020-11-06
95,Camila Vieira,da Mota,SP,Residencial,2020-08-07
96,Felipe Lopes,Almeida,SP,Residencial,2022-01-05
97,Bruna Pires,Gomes,SP,Comercial,2023-03-02
98,Lívia Vieira,Alves,BA,Residencial,2024-04-21
99,Esther Carvalho,Silveira,SP,Comercial,2020-10-26
100,Nina da Conceição,Jesus Paulista,SP,Industrial,2022-03-20
101,Joaquim Sales,Viana,BA,Comercial,2023-11-10
102,Alana das Neves,Cavalcanti dos Dourados,BA,Industrial,2021-05-26
103,Eduardo Melo,da Paz de Monteiro,BA,Residencial,2023-11-03
104,Dr. Carlos Eduardo Moreira,Nascimento de da Mata,SP,Comercial,2024-07-31
105,Dr. Henrique Nogueira,Costa,BA,Residencial,2024-08-26
106,Bruna Nunes,Caldeira Grande,BA,Industrial,2024-09-24
107,Sr. Theo Rocha,Alves de da Costa,SP,Industrial,2024-10-30
108,Lucas da Paz,Fogaça,BA,Industrial,2020-08-11
109,Vitória da Costa,Castro,SP,Residencial,2020-12-07
110,Davi Nascimento,da Rocha das Pedras,MG,Residencial,2021-08-22
111,Diego Alves,da Mata de Minas,BA,Residencial,2022-03-31
112,Sr. Daniel Campos,da Conceição,MG,Residencial,2020-10-03
113,Dra. Daniela Nascimento,Costa,SP,Industrial,2020-10-15
114,Vitor da Rosa,Costa de Goiás,BA,Industrial,2022-09-04
115,Nicolas Cavalcanti,da Cunha,SP,Comercial,2023-02-14
116,Isis Melo,Cunha da Praia,MG,Comercial,2022-05-08
117,Dra. Luiza Cardoso,Fogaça,SP,Residencial,2024-10-01
118,Dr. Levi Pinto,Ferreira de Moreira,BA,Industrial,2022-10-08
119,Sra. Isabelly Santos,Aragão,BA,Industrial,2020-06-03
120,Pedro Miguel Rocha,Teixeira Grande,MG,Industrial,2022-11-13
121,Maria Fernanda Barbosa,Moura,SP,Comercial,2022-07-03
122,Sophie Almeida,Pinto Paulista,BA,Comercial,2022-12-18
123,Dr. Leandro da Costa,Barros das Flores,MG,Industrial,2021-01-20
124,Joana da Paz,Castro,BA,Industrial,2023-03-25
125,Davi Lucas Gomes,das Neves,BA,Industrial,2025-02-01
126,Letícia Ferreira,Porto do Norte,SP,Comercial,2022-06-13
127,Rafael Cardoso,da Rosa,BA,Industrial,2021-07-14
128,Paulo Viana,Peixoto da Mata,SP,Industrial,2023-06-17
129,Guilherme da Rosa,Monteiro,BA,Residencial,2024-01-14
130,Luiz Otávio Barros,Fogaça das Pedras,MG,Residencial,2021-12-31
131,Dr. Gustavo Henrique Cardoso,Barbosa,BA,Comercial,2024-12-09
132,Dr. Davi Lucas Aragão,Oliveira da Prata,SP,Industrial,2021-04-08
133,Leandro Oliveira,Fogaça Paulista,SP,Industrial,2023-07-29
134,Theo Nogueira,Rodrigues,MG,Residencial,2021-08-23
135,Bianca Martins,da Rosa da Praia,BA,Comercial,2021-03-16
136,Ryan Lima,da Cunha,BA,Residencial,2021-11-12
137,Alícia Novaes,Pereira da Mata,MG,Residencial,2023-04-17
138,Maria Alice Araújo,Lima,BA,Residencial,2020-07-29
139,Larissa Moreira,Santos,BA,Residencial,2021-05-26
140,Gabriel Porto,Rodrigues,SP,Industrial,2021-07-07
141,Dra. Camila da Conceição,Sales,BA,Industrial,2024-01-20
142,Diogo Araújo,da Cunha,BA,Residencial,2020-09-11
143,Marina Alves,Silveira da Prata,MG,Comercial,2021-02-11
144,Srta. Rafaela Souza,Moura,MG,Comercial,2022-03-17
145,João Vitor Gomes,Mendes de Santos,SP,Comercial,2022-08-04
146,Ian Rezende,Mendes do Norte,BA,Comercial,2025-03-26
147,Lavínia Monteiro,Ferreira,BA,Residencial,2023-10-17
148,Sr. Kevin Monteiro,Sales,BA,Industrial,2021-11-27
149,Emanuelly Alves,Araújo do Campo,SP,Comercial,2024-03-01
150,João Miguel Alves,Fernandes da Mata,SP,Residencial,2024-04-08
151,Evelyn Campos,Ferreira,MG,Comercial,2021-04-13
152,Gabriela Cardoso,Barbosa,SP,Comercial,2022-08-17
153,Sr. Thales Araújo,da Conceição,BA,Residencial,2022-01-10
154,Sr. João Vitor Peixoto,Sales,BA,Industrial,2023-12-31
155,Alexia Ferreira,Vieira,SP,Industrial,2023-05-04
156,Gabriela Almeida,Novaes Verde,BA,Residencial,2024-04-12
157,Diogo Barros,Nogueira do Galho,BA,Industrial,2023-10-13
158,Enrico Nunes,Barbosa,SP,Residencial,2024-07-14
159,Cauê Farias,Caldeira,SP,Residencial,2022-11-23
160,Daniel Correia,Alves,BA,Residencial,2021-03-01
161,Gustavo Henrique Azevedo,Nogueira Verde,BA,Industrial,2025-02-25
162,Thiago Ribeiro,Ramos,BA,Residencial,2024-05-29
163,Bryan Melo,Freitas,MG,Comercial,2024-10-13
164,Sr. Benício Ribeiro,Castro,MG,Industrial,2023-03-25
165,Larissa Lopes,Cavalcanti,MG,Industrial,2021-09-26
166,Bryan Monteiro,Martins de Goiás,SP,Industrial,2020-11-12
167,Sr. Davi Carvalho,Farias das Flores,MG,Industrial,2023-05-03
168,Sr. Luiz Felipe Fogaça,da Costa,SP,Comercial,2021-01-16
169,Sr. Yago Nogueira,Jesus,SP,Industrial,2021-12-03
170,Leandro Nascimento,Sales,MG,Industrial,2020-07-26
171,Arthur Melo,da Conceição,MG,Residencial,2023-07-16
172,Mariana Cardoso,Rocha de Minas,MG,Industrial,2021-03-04
173,João Guilherme Teixeira,Martins,BA,Comercial,2020-06-05
174,João Lucas da Mota,Cardoso de Fernandes,MG,Comercial,2022-09-25
175,Gabriela Cavalcanti,Novaes das Flores,BA,Comercial,2024-05-21
176,Dr. Fernando Oliveira,Silveira de Minas,SP,Comercial,2024-02-15
177,Rodrigo Fogaça,Pinto,BA,Industrial,2021-01-06
178,Stella Fogaça,Silveira Grande,MG,Industrial,2024-06-15
179,Sra. Brenda Pereira,Almeida de Pinto,SP,Comercial,2023-11-05
180,Pietra Ferreira,da Conceição de Rocha,SP,Comercial,2022-12-20
181,Bianca Gomes,Carvalho,SP,Industrial,2023-11-11
182,Matheus Gomes,Freitas do Galho,BA,Comercial,2023-04-17
183,Srta. Maria Martins,Mendes,MG,Residencial,2023-07-08
184,Lucas Gabriel Silveira,Cardoso,SP,Comercial,2022-03-27
185,Eduardo Rocha,Nunes da Prata,SP,Comercial,2022-02-13
186,Vinicius Mendes,Fogaça da Serra,SP,Residencial,2021-08-11
187,Alexia Gomes,Monteiro,BA,Residencial,2022-04-06
188,Dra. Beatriz Cardoso,Melo,BA,Industrial,2021-12-05
189,Thomas Nunes,Rezende,MG,Industrial,2024-09-15
190,Sophie da Cruz,Pinto,BA,Residencial,2024-04-03
191,Felipe Rezende,Fernandes,SP,Residencial,2022-06-27
192,Arthur Jesus,Dias da Mata,MG,Industrial,2023-08-17
193,Dra. Pietra Gomes,Mendes,SP,Comercial,2023-02-15
194,Sr. Samuel Ferreira,da Mota de Lima,SP,Residencial,2020-12-26
195,Fernanda Peixoto,Lima do Campo,BA,Industrial,2025-04-18
196,Laura Lopes,Jesus,MG,Comercial,2022-11-26
197,Beatriz Melo,Cavalcanti das Pedras,BA,Residencial,2024-02-04
198,Vitor Pires,Cardoso,BA,Comercial,2024-06-27
199,Augusto da Mota,Moreira,MG,Industrial,2020-08-08
200,Lorena Teixeira,Ribeiro do Sul,SP,Residencial,2024-03-24
201,Maria Sophia Correia,Freitas,SP,Comercial,2024-03-30
202,Davi Lucca Gonçalves,Rodrigues de Pires,MG,Residencial,2023-06-26
203,Igor da Conceição,Ribeiro de Goiás,SP,Comercial,2021-11-12
204,Alana da Rosa,da Cruz,MG,Industrial,2024-06-13
205,Isaac Barros,Silva Alegre,MG,Industrial,2022-12-23
206,Cecília Ramos,Cardoso da Praia,BA,Residencial,2023-12-11
207,Dra. Isis Gonçalves,da Conceição do Amparo,MG,Comercial,2023-07-14
208,Larissa da Rocha,Oliveira de Nogueira,BA,Residencial,2020-11-23
209,Sr. Davi Luiz Nascimento,Caldeira,SP,Residencial,2020-11-14
210,Miguel Costela,Nunes de Costela,SP,Comercial,2024-03-09
211,Felipe Porto,Souza,SP,Comercial,2024-08-27
212,Fernanda Cardoso,Gonçalves,SP,Comercial,2022-05-08
213,Murilo Gomes,Nunes,BA,Industrial,2021-03-08
214,Alana Moreira,Peixoto,SP,Residencial,2021-01-21
215,Ana Vitória Novaes,Moreira dos Dourados,MG,Residencial,2022-02-27
216,Ana Laura Freitas,Rocha de Peixoto,MG,Industrial,2023-10-27
217,Ana Sophia Castro,Fernandes,MG,Comercial,2022-01-21
218,João Pedro Dias,Pires da Praia,BA,Industrial,2025-02-25
219,Giovanna Alves,da Rosa da Mata,SP,Industrial,2020-08-12
220,Gustavo Henrique da Rosa,Novaes,SP,Industrial,2024-06-26
221,Rebeca Moura,Duarte,SP,Residencial,2024-07-27
222,Stella Cardoso,da Rosa de Teixeira,BA,Industrial,2022-03-09
223,Dr. Gustavo Henrique Melo,Santos do Oeste,MG,Residencial,2020-07-09
224,Erick da Luz,Araújo do Oeste,MG,Residencial,2023-10-16
225,Fernando Correia,Souza dos Dourados,SP,Residencial,2024-11-11
226,Ana Vitória das Neves,Campos Grande,MG,Comercial,2020-06-28
227,Nina da Rosa,Viana da Mata,MG,Residencial,2025-03-18
228,Alana Farias,da Luz,BA,Residencial,2025-03-19
229,Sr. Lucas Gabriel Ramos,Silva,BA,Comercial,2024-09-15
230,Ana Julia Duarte,Freitas,BA,Residencial,2023-11-14
231,Matheus da Paz,Gomes,BA,Industrial,2024-05-17
232,Luiz Miguel Freitas,Aragão,SP,Industrial,2022-11-22
233,Dra. Mariane Pires,Ramos de Melo,BA,Residencial,2022-11-22
234,Camila Azevedo,da Cruz,MG,Comercial,2021-11-16
235,Lorena Monteiro,da Paz de Barros,SP,Industrial,2024-11-23
236,Marcelo Silveira,Mendes,MG,Comercial,2021-09-19
237,Luiz Otávio Oliveira,da Mota,MG,Comercial,2022-01-14
238,Sr. Diogo da Costa,Silva de Viana,MG,Industrial,2025-04-16
239,Yago Nascimento,Teixeira,BA,Comercial,2023-12-19
240,Laura Martins,da Rocha,BA,Industrial,2022-04-29
241,Leandro Monteiro,Jesus de Pereira,SP,Comercial,2022-07-05
242,Srta. Alícia Silveira,Azevedo do Sul,SP,Industrial,2023-03-06
243,Sarah das Neves,da Conceição,BA,Residencial,2021-03-17
244,Juliana Nascimento,Correia de Gonçalves,MG,Industrial,2021-03-30
245,João Lucas Freitas,Novaes,SP,Industrial,2022-04-04
246,Ana Laura Vieira,Ribeiro,BA,Industrial,2021-10-25
247,João Lucas Lima,da Mota,BA,Industrial,2021-04-01
248,Luna Ferreira,Pereira do Galho,BA,Comercial,2022-11-02
249,Sabrina Freitas,Moraes,MG,Residencial,2022-06-19
250,Kevin Lopes,Alves,BA,Industrial,2022-11-12
251,Raquel Rocha,Cunha,BA,Comercial,2023-02-18
252,Henrique Alves,Costela,BA,Residencial,2021-07-27
253,Luana Moreira,da Rocha,BA,Residencial,2022-04-21
254,Matheus Almeida,Campos de Minas,SP,Residencial,2023-08-09
255,Emanuel Barbosa,Rezende das Flores,SP,Residencial,2025-05-19
256,Emilly Pinto,Dias,BA,Industrial,2023-11-14
257,Otávio Silva,da Conceição,MG,Industrial,2021-10-04
258,Sr. Nicolas Barbosa,Carvalho da Serra,SP,Comercial,2020-12-12
259,Dr. Davi Pires,Caldeira de Costela,BA,Comercial,2021-09-20
260,Daniela Almeida,da Rosa,SP,Comercial,2022-09-12
261,Giovanna Peixoto,Carvalho do Norte,SP,Residencial,2024-11-23
262,João Lucas Alves,Barros do Oeste,MG,Residencial,2023-12-30
263,Gabrielly da Rosa,da Luz do Amparo,BA,Industrial,2023-08-05
264,Kamilly Fogaça,Carvalho,BA,Residencial,2024-11-04
265,Isadora Barros,Nogueira do Amparo,MG,Residencial,2023-05-09
266,Igor das Neves,Caldeira,MG,Residencial,2022-06-11
267,Valentina da Luz,Rezende,BA,Comercial,2024-06-03
268,Rafael Moura,Silva de Moraes,BA,Comercial,2023-12-17
269,Sarah Costela,Lima,MG,Industrial,2024-02-17
270,Brenda da Conceição,Teixeira de da Paz,SP,Residencial,2021-10-21
271,Isabella Moreira,Ferreira dos Dourados,SP,Residencial,2023-07-14
272,Clarice Sales,Pires,MG,Industrial,2022-02-18
273,Thomas Lima,Nascimento,SP,Residencial,2024-11-14
274,Ana Lívia Azevedo,Nunes,MG,Residencial,2023-02-02
275,Pedro Lucas da Cunha,Costela,SP,Comercial,2021-09-01
276,Renan Araújo,Costela,SP,Industrial,2022-05-12
277,Lavínia Rezende,Silveira de Pinto,BA,Industrial,2024-03-30
278,Murilo Cardoso,Araújo de Pereira,BA,Industrial,2023-02-18
279,Lorenzo da Cunha,Dias,SP,Industrial,2024-03-14
280,Dr. Nathan Freitas,da Mota do Campo,SP,Comercial,2021-11-10
281,Benjamin Pires,Costela de Almeida,BA,Comercial,2024-09-16
282,Sr. Gabriel da Cruz,Cunha de Nascimento,BA,Residencial,2022-06-01
283,Dr. Thiago Barros,da Mata de da Mata,BA,Residencial,2022-09-02
284,Valentina Duarte,Pereira do Amparo,MG,Residencial,2021-09-10
285,Dra. Maria Fernanda Martins,Novaes Paulista,SP,Residencial,2020-08-11
286,Sr. Bruno Ribeiro,Melo da Prata,BA,Comercial,2022-03-24
287,Lavínia da Conceição,Monteiro,SP,Industrial,2024-02-19
288,Stephany da Costa,Teixeira de Moreira,MG,Comercial,2023-07-10
289,Felipe Almeida,Sales do Campo,MG,Residencial,2021-06-14
290,Theo Almeida,Teixeira,BA,Comercial,2021-11-14
291,João Lucas da Cunha,Teixeira,MG,Industrial,2021-02-28
292,Isabelly Duarte,Ferreira de Dias,SP,Industrial,2023-08-26
293,Maitê Rodrigues,Cavalcanti,BA,Comercial,2024-03-29
294,Raquel Barbosa,Carvalho de Melo,SP,Comercial,2023-01-27
295,Bárbara Alves,Castro das Pedras,SP,Comercial,2021-02-09
296,Bryan Caldeira,Azevedo,MG,Residencial,2024-03-24
297,Esther Carvalho,Fernandes de Goiás,MG,Comercial,2023-05-22
298,Carlos Eduardo Fernandes,da Rosa Grande,MG,Comercial,2024-09-05
299,Danilo Moraes,Lima de Pereira,MG,Comercial,2022-09-22
300,Dra. Isis Jesus,Caldeira,MG,Industrial,2023-09-30
301,Gabriela Monteiro,Porto da Praia,BA,Industrial,2023-09-19
302,Pedro Lucas Gomes,Castro,SP,Residencial,2022-10-04
303,Emanuelly Fernandes,da Costa do Galho,SP,Residencial,2022-06-19
304,Mariane da Mata,Novaes do Norte,SP,Industrial,2022-11-15
305,Marcelo da Cunha,da Cruz,SP,Industrial,2025-01-12
306,Sabrina Melo,Vieira do Campo,MG,Industrial,2025-03-15
307,João Guilherme Pires,Gonçalves,SP,Comercial,2021-09-21
308,João Felipe Cavalcanti,Araújo,BA,Comercial,2020-11-19
309,Bianca Araújo,Lopes,BA,Industrial,2023-02-19
310,Dra. Daniela Barbosa,Correia,SP,Comercial,2023-05-20
311,Evelyn Costa,Pereira de Ferreira,SP,Comercial,2021-08-21
312,Fernanda Viana,Caldeira,BA,Residencial,2024-05-19
313,João Guilherme Cardoso,Teixeira,BA,Industrial,2024-03-27
314,Dr. Luigi Costa,da Rosa,MG,Industrial,2020-06-18
315,Giovanna Nascimento,Azevedo,BA,Comercial,2023-03-06
316,João Lucas Moreira,Farias,MG,Industrial,2020-08-17
317,Srta. Isabelly Silva,Nunes de Campos,MG,Residencial,2023-07-03
318,Cecília Silveira,Peixoto,MG,Residencial,2023-06-10
319,Vicente Costela,Ribeiro,MG,Residencial,2023-05-28
320,Sophie Araújo,Barbosa,MG,Industrial,2023-02-28
321,Paulo Costela,Rocha do Galho,SP,Industrial,2022-08-05
322,Kaique Cardoso,Jesus da Praia,BA,Industrial,2023-01-25
323,Olivia Costa,Dias,MG,Industrial,2024-10-21
324,Lucas Barros,Ferreira de Novaes,BA,Industrial,2021-06-30
325,Calebe Nunes,Cunha de Mendes,BA,Residencial,2023-12-28
326,Sra. Gabriela Monteiro,Gonçalves,MG,Comercial,2021-08-13
327,Ana Laura Carvalho,Moura do Oeste,SP,Residencial,2023-01-12
328,Isabel Santos,Aragão das Flores,MG,Industrial,2023-08-31
329,Sra. Maria Cecília Vieira,Cunha,SP,Residencial,2022-02-13
330,Amanda Freitas,Carvalho,BA,Industrial,2022-12-24
331,Sr. Caio Fernandes,das Neves,SP,Industrial,2024-10-28
332,Danilo Nascimento,Araújo da Prata,SP,Residencial,2022-12-22
333,Sr. Ryan Correia,Silva do Campo,SP,Industrial,2024-03-17
334,Bianca Ferreira,Moura,BA,Comercial,2020-12-10
335,João Miguel Campos,Dias,BA,Industrial,2021-12-02
336,Sr. Yuri Moura,Cunha da Praia,SP,Comercial,2022-10-11
337,Sr. Raul Mendes,Costela,SP,Comercial,2021-05-09
338,Sr. Nicolas da Mata,Monteiro,MG,Industrial,2023-02-20
339,Rafael Lima,Barros do Galho,SP,Residencial,2025-01-08
340,Amanda das Neves,Pinto,MG,Comercial,2022-08-23
341,Felipe Nunes,das Neves,SP,Residencial,2024-06-08
342,Gabriela Farias,Castro,MG,Comercial,2023-12-13
343,Dr. Yago Barbosa,Alves,BA,Industrial,2021-08-22
344,Dr. Rafael Mendes,Monteiro,SP,Industrial,2022-10-06
345,Ana Clara Alves,Ferreira,SP,Comercial,2025-05-02
346,Bruno Vieira,Vieira do Sul,SP,Industrial,2024-11-03
347,Vitor Hugo Ramos,Souza,SP,Comercial,2024-11-14
348,Dr. Matheus Oliveira,Fernandes da Mata,MG,Industrial,2020-11-28
349,Laís Cavalcanti,Farias do Sul,SP,Residencial,2024-07-31
350,Dra. Stella das Neves,Pires,BA,Industrial,2021-05-04
351,Luiz Miguel Silveira,da Conceição,BA,Residencial,2023-08-21
352,Maria Vitória Moreira,Viana,SP,Industrial,2025-03-06
353,André Moreira,Fernandes,BA,Residencial,2024-12-11
354,Dra. Emilly Ramos,da Cruz de Nascimento,SP,Industrial,2024-09-12
355,Beatriz Gomes,Peixoto do Campo,SP,Residencial,2024-01-10
356,Sophie Azevedo,Pires de Minas,BA,Comercial,2021-02-17
357,Sophie Martins,Cunha das Flores,SP,Comercial,2022-10-24
358,Rafael Cardoso,da Mata,BA,Residencial,2023-10-11
359,Sofia Azevedo,Mendes da Prata,MG,Industrial,2021-08-26
360,Lucas Gabriel Costa,Almeida,SP,Residencial,2025-01-04
361,Emanuelly Alves,Rodrigues,MG,Industrial,2025-04-18
362,Isabelly Novaes,das Neves,BA,Comercial,2023-08-05
363,João Gabriel Lopes,das Neves do Campo,MG,Industrial,2024-01-14
364,Laura Caldeira,Araújo do Norte,MG,Comercial,2021-06-24
365,Milena Martins,da Paz,BA,Industrial,2020-10-27
366,Maria Cecília Cavalcanti,Sales Grande,MG,Industrial,2023-03-24
367,Dr. Luiz Otávio Moreira,Nascimento de da Mota,MG,Industrial,2021-10-25
368,Cauê Nogueira,da Luz do Norte,BA,Residencial,2023-01-17
369,Erick Porto,Ribeiro do Sul,MG,Residencial,2023-08-19
370,Marina Santos,Nunes de Ramos,BA,Comercial,2024-11-09
371,Ana Vitória Moura,Silveira das Pedras,MG,Comercial,2024-11-04
372,Clara Nascimento,Mendes de Novaes,BA,Residencial,2024-07-19
373,Sr. Caio Peixoto,Freitas Alegre,BA,Comercial,2020-10-24
374,Srta. Nicole Porto,Pires,MG,Residencial,2024-05-11
375,Lucca Cardoso,Cardoso,MG,Industrial,2024-08-31
376,Bernardo Ferreira,Cardoso dos Dourados,MG,Comercial,2020-07-15
377,Dr. Leonardo Nascimento,Moraes,SP,Comercial,2024-12-15
378,Sra. Bruna Lima,Campos,SP,Residencial,2022-10-18
379,Vicente Monteiro,Cavalcanti de Goiás,SP,Comercial,2021-09-18
380,Dra. Stephany Campos,Moreira,BA,Comercial,2023-02-11
381,Maria Julia Cunha,Fogaça,MG,Industrial,2022-06-10
382,Dra. Maitê Freitas,da Paz da Prata,BA,Comercial,2020-09-04
383,Felipe da Mata,Nunes,SP,Industrial,2021-08-19
384,Luiz Miguel Barbosa,Moreira Verde,MG,Residencial,2022-05-29
385,Giovanna Moraes,Rocha,BA,Comercial,2024-05-10
386,Lucas Cavalcanti,Castro da Mata,MG,Industrial,2021-07-04
387,Luiz Otávio Costa,Oliveira,BA,Residencial,2020-08-10
388,Davi Luiz Novaes,Teixeira,MG,Comercial,2024-01-30
389,Mariana da Paz,Martins,SP,Residencial,2021-09-04
390,Laís Carvalho,Nogueira,SP,Comercial,2024-12-25
391,Dra. Bárbara Oliveira,Sales Alegre,MG,Residencial,2023-08-26
392,Esther Novaes,da Mata de Aragão,BA,Residencial,2024-03-30
393,Diego Souza,Peixoto,SP,Industrial,2021-08-06
394,Sophie Jesus,da Luz de Farias,SP,Residencial,2024-03-14
395,João Vitor Farias,Pires Paulista,SP,Comercial,2020-12-04
396,Sra. Helena Pinto,da Mata,MG,Comercial,2021-10-09
397,Matheus da Cunha,da Cruz,MG,Industrial,2022-03-06
398,Caroline Moraes,Farias,BA,Comercial,2024-08-12
399,Elisa Peixoto,Mendes das Flores,BA,Comercial,2022-12-11
400,Rebeca Viana,Carvalho,BA,Comercial,2020-11-17
401,Francisco Gonçalves,Novaes,MG,Residencial,2022-11-21
402,Levi Gonçalves,Almeida,MG,Residencial,2022-09-02
403,Srta. Amanda da Mota,Costa do Sul,BA,Comercial,2023-02-11
404,Joana Moraes,Costela do Galho,BA,Industrial,2024-08-17
405,Pedro Henrique Vieira,Barbosa de Dias,MG,Residencial,2023-03-24
406,Fernanda da Rosa,Lopes,BA,Industrial,2023-02-19
407,Arthur Costa,Campos da Mata,SP,Comercial,2022-10-15
408,Dra. Maria Fernanda da Mota,Aragão,MG,Comercial,2021-06-27
409,Brenda Ribeiro,Moreira,BA,Residencial,2020-09-09
410,Lorenzo Cardoso,Araújo de Minas,MG,Comercial,2023-07-25
411,Luiz Felipe Fernandes,Campos,SP,Residencial,2023-12-03
412,Alana Pinto,Oliveira,MG,Comercial,2024-12-07
413,Gustavo Henrique Barbosa,Barbosa do Sul,MG,Comercial,2020-10-13
414,Rebeca Gomes,Correia dos Dourados,MG,Residencial,2021-06-17
415,Calebe Correia,Pereira do Oeste,MG,Residencial,2023-05-25
416,Caroline Silveira,Caldeira da Mata,SP,Residencial,2024-06-01
417,Nicolas Ferreira,Melo de Minas,MG,Comercial,2021-06-16
418,Ana Luiza Freitas,Ramos,MG,Comercial,2022-03-31
419,Vitor Hugo Ferreira,da Mata,BA,Industrial,2020-07-18
420,Luiz Henrique Melo,Pereira dos Dourados,MG,Residencial,2024-01-11
421,Anthony da Mata,Farias,BA,Comercial,2022-09-04
422,Carolina Viana,Cunha do Sul,SP,Comercial,2020-10-14
423,Vitor Castro,Ramos do Amparo,SP,Residencial,2020-12-07
424,Bryan Farias,Cunha,SP,Industrial,2020-06-16
425,Lucas Gabriel Cardoso,Porto do Amparo,SP,Residencial,2023-01-08
426,Maria Alice Castro,da Mota,BA,Industrial,2025-03-23
427,Davi Luiz Almeida,Correia da Praia,MG,Comercial,2025-03-07
428,Theo Cunha,da Conceição,SP,Industrial,2025-02-03
429,Cecília Jesus,Mendes,MG,Comercial,2021-03-06
430,Carlos Eduardo Viana,Novaes,BA,Residencial,2022-12-23
431,Dr. Marcelo Pires,da Rosa Verde,BA,Residencial,2021-02-22
432,Benjamin Moraes,Farias do Norte,BA,Residencial,2024-10-31
433,Ian Jesus,Ribeiro do Amparo,SP,Industrial,2020-09-11
434,Marina Vieira,Rezende,MG,Comercial,2024-06-18
435,Helena da Cunha,Dias,MG,Residencial,2023-01-02
436,Danilo Ramos,da Mata de Cardoso,MG,Residencial,2022-04-30
437,Erick Nogueira,Rocha,BA,Comercial,2023-07-13
438,Luiz Otávio Costa,Melo do Oeste,SP,Residencial,2023-11-28
439,Luiz Henrique Rezende,Rocha de Carvalho,BA,Comercial,2021-11-22
440,Matheus Rocha,Moraes dos Dourados,BA,Comercial,2021-12-23
441,Sra. Mirella da Paz,Barbosa de Goiás,MG,Comercial,2024-07-21
442,Arthur Santos,Teixeira dos Dourados,BA,Comercial,2023-06-24
443,Daniel Monteiro,Nascimento,MG,Comercial,2024-03-25
444,Davi Rodrigues,Dias,SP,Industrial,2020-10-19
445,Yago Vieira,Ferreira da Praia,MG,Residencial,2021-11-15
446,Maria Luiza Duarte,Teixeira da Praia,SP,Industrial,2024-08-21
447,Mariana Pires,Ramos,MG,Residencial,2024-02-22
448,Maria Luiza Moura,Cunha,BA,Industrial,2023-05-13
449,Srta. Júlia Peixoto,Cavalcanti de Lima,BA,Comercial,2021-10-04
450,Srta. Luna Ribeiro,Lopes,SP,Residencial,2021-07-10
451,Ana Vieira,Ramos da Prata,SP,Residencial,2022-10-04
452,Davi Lucca Rezende,Lima,SP,Industrial,2024-07-18
453,Ana Carolina Moraes,Nunes das Flores,MG,Industrial,2024-01-29
454,João Miguel Monteiro,Peixoto das Flores,MG,Residencial,2023-05-22
455,Vitor Gabriel Novaes,da Cunha das Pedras,SP,Industrial,2023-06-15
456,Thomas Pires,Ferreira dos Dourados,BA,Industrial,2023-12-17
457,Dr. Henrique Moreira,Lima do Galho,MG,Industrial,2021-06-10
458,Milena Rodrigues,Melo de Porto,MG,Comercial,2025-01-11
459,Noah Cavalcanti,Ferreira de Costela,MG,Comercial,2023-10-31
460,Ian Porto,Lopes de Goiás,SP,Industrial,2022-08-23
461,Amanda Costa,Costela,SP,Industrial,2024-09-24
462,Pietra Melo,Monteiro de da Cunha,SP,Comercial,2021-01-02
463,Ana Beatriz Azevedo,Souza da Mata,SP,Comercial,2024-12-11
464,Henrique Sales,Cavalcanti,SP,Residencial,2024-03-09
465,Sr. Augusto Barbosa,da Paz,BA,Residencial,2024-04-22
466,Calebe Peixoto,Teixeira,BA,Comercial,2021-06-14
467,Dr. Vitor Gabriel Duarte,Moura de Costa,SP,Industrial,2024-07-02
468,Alexandre Cavalcanti,Ramos do Sul,MG,Industrial,2023-07-31
469,Thomas Cardoso,Sales,SP,Industrial,2025-05-07
470,Isadora Dias,Viana,BA,Industrial,2022-04-26
471,Caio Cavalcanti,Duarte,BA,Residencial,2023-05-16
472,Mariane da Costa,das Neves Verde,MG,Comercial,2020-10-03
473,Ana Rezende,Moreira de Vieira,BA,Industrial,2025-01-04
474,Maria Pereira,da Cruz,SP,Residencial,2020-10-27
475,Sr. Nicolas Cavalcanti,Moraes,MG,Industrial,2022-09-12
476,Diogo Oliveira,das Neves,SP,Comercial,2023-09-09
477,Sr. Diogo Caldeira,Teixeira,SP,Residencial,2023-03-10
478,Maria Eduarda Viana,Oliveira,MG,Comercial,2020-08-29
479,Letícia Mendes,Moraes da Mata,SP,Comercial,2024-08-28
480,Luana Moreira,Martins do Campo,BA,Residencial,2021-07-19
481,Dr. Rodrigo Cunha,da Cunha,SP,Residencial,2022-01-02
482,Sra. Alexia Gonçalves,Martins da Prata,MG,Residencial,2023-02-06
483,Luna Teixeira,Vieira,MG,Residencial,2023-06-02
484,Rebeca Viana,Correia,MG,Residencial,2024-12-15
485,Maria Clara da Rocha,da Mota do Sul,SP,Residencial,2023-04-24
486,Cecília Barros,Castro Paulista,MG,Residencial,2022-01-14
487,Clara da Mota,Araújo,MG,Industrial,2025-03-02
488,Sarah da Mota,da Mata Grande,SP,Comercial,2022-03-12
489,Rafaela Pires,Vieira de Moraes,BA,Residencial,2024-05-21
490,Igor Duarte,da Mata,SP,Industrial,2023-04-06
491,Davi Lucca da Cruz,Almeida,MG,Industrial,2020-05-26
492,Fernando da Cunha,Ramos das Flores,MG,Industrial,2020-10-08
493,Emanuel Moraes,Cavalcanti,SP,Comercial,2021-02-21
494,Bruna da Cunha,Melo da Mata,BA,Residencial,2024-05-04
495,Lorena Ramos,da Paz do Galho,MG,Industrial,2020-07-21
496,Maysa Correia,Caldeira Alegre,MG,Comercial,2021-12-18
497,João Pedro Araújo,Gonçalves,MG,Comercial,2020-09-22
498,Srta. Stella Castro,Fogaça do Galho,SP,Comercial,2024-06-25
499,Luiz Miguel Cardoso,Peixoto,MG,Industrial,2024-02-28
500,Alexia Pires,Correia de Goiás,BA,Residencial,2024-09-01
501,Mirella Castro,Cunha de Mendes,MG,Industrial,2022-11-07
502,Dr. Enzo Gabriel Nascimento,Porto de Castro,MG,Industrial,2021-12-09
503,Julia Fogaça,Gonçalves,BA,Residencial,2024-09-25
504,Marcos Vinicius Castro,Santos,MG,Residencial,2022-09-15
505,Agatha Rocha,Novaes de Minas,SP,Residencial,2021-12-14
506,Catarina Lima,Almeida Grande,SP,Comercial,2023-12-08
507,Enzo Gabriel Carvalho,da Luz,SP,Residencial,2023-03-17
508,Joana Araújo,Lima,BA,Industrial,2021-07-22
509,Kaique Cavalcanti,Costa,MG,Residencial,2025-02-24
510,Diego Pinto,Viana,SP,Industrial,2020-10-27
511,Davi Barbosa,Teixeira,BA,Comercial,2021-01-04
512,Dra. Luiza Cunha,Correia,MG,Industrial,2021-08-04
513,Sr. Noah da Rocha,Peixoto,BA,Industrial,2024-05-02
514,Davi Lucca Sales,Viana do Sul,SP,Residencial,2021-08-25
515,Lorenzo Cunha,Martins dos Dourados,SP,Residencial,2023-08-25
516,Ana Carolina da Rocha,Almeida de Castro,SP,Industrial,2025-05-07
517,Sr. Levi Freitas,da Mota do Galho,BA,Residencial,2021-09-12
518,Natália Nascimento,Fernandes da Mata,BA,Comercial,2023-01-25
519,Marina da Mata,Ferreira,SP,Comercial,2023-03-23
520,Maitê Jesus,Almeida do Sul,BA,Residencial,2022-04-12
521,Alana Pinto,Fogaça de Minas,SP,Comercial,2025-02-08
522,Srta. Sophie Campos,Azevedo,SP,Residencial,2021-08-31
523,Yasmin Ferreira,Dias do Amparo,MG,Industrial,2025-03-17
524,Lorenzo da Costa,Lopes da Serra,BA,Industrial,2023-09-26
525,Marina Costa,Lopes de Lopes,SP,Comercial,2023-01-28
526,Henrique Farias,Jesus da Praia,SP,Residencial,2021-05-18
527,Clara Araújo,Moreira de Nogueira,BA,Residencial,2020-06-01
528,Antônio Rezende,da Paz do Norte,MG,Comercial,2024-12-23
529,Dr. Bryan Teixeira,da Cunha da Prata,MG,Industrial,2022-10-24
530,Dr. Ian da Mata,Santos,SP,Comercial,2024-09-14
531,Stella da Luz,Moura,BA,Industrial,2023-03-13
532,Alexandre Nogueira,Barros,MG,Residencial,2023-09-28
533,Yuri Dias,Barros,BA,Industrial,2024-08-14
534,Cauê Fernandes,da Luz de Ramos,BA,Comercial,2022-08-06
535,Murilo Costela,Pinto,SP,Residencial,2021-11-10
536,Srta. Lívia Cavalcanti,da Rosa,MG,Comercial,2023-08-02
537,Luiz Henrique Fernandes,Pereira,SP,Comercial,2024-08-24
538,Helena Fernandes,Cardoso,MG,Industrial,2024-06-12
539,Joana Souza,Almeida,MG,Comercial,2020-08-05
540,Yuri Souza,Alves,MG,Industrial,2021-04-21
541,Bianca da Rosa,Vieira,MG,Residencial,2022-02-28
542,Sra. Emanuella Fernandes,da Mota,MG,Industrial,2023-05-25
543,Maria Julia Monteiro,Cavalcanti Paulista,BA,Residencial,2021-04-03
544,Yuri Souza,Costa,SP,Industrial,2023-05-05
545,Marina Barros,Rezende das Flores,BA,Comercial,2022-08-02
546,Henrique Ramos,Cardoso de da Rocha,MG,Industrial,2025-01-23
547,Anthony Melo,Jesus,SP,Industrial,2020-07-08
548,Raquel Aragão,Campos da Serra,MG,Residencial,2024-06-27
549,João Caldeira,da Paz,SP,Comercial,2024-02-29
550,Emilly Viana,Viana de Minas,BA,Industrial,2024-08-02
551,Isabelly da Paz,Carvalho,SP,Comercial,2021-07-04
552,Giovanna Porto,Rezende das Flores,SP,Industrial,2022-01-30
553,Sra. Melissa da Mata,Azevedo,SP,Industrial,2023-12-05
554,Benício da Costa,Sales do Norte,SP,Comercial,2021-11-22
555,Miguel Cavalcanti,Martins,SP,Industrial,2024-09-19
556,Vicente Fogaça,Araújo,MG,Comercial,2024-12-19
557,Isaac Cardoso,Rodrigues,SP,Industrial,2021-09-22
558,Fernando Dias,Araújo das Flores,SP,Residencial,2020-12-25
559,Enzo Gabriel Almeida,Gonçalves do Sul,BA,Comercial,2023-01-04
560,Lara Costela,Costa,SP,Industrial,2025-01-14
561,Daniela Lopes,Moreira,BA,Industrial,2022-04-03
562,Julia Fernandes,Castro,MG,Residencial,2021-04-08
563,Luiz Miguel da Costa,Nogueira,SP,Comercial,2024-11-08
564,Lucca da Mota,Jesus do Galho,BA,Industrial,2024-03-06
565,Stella Porto,Silva,BA,Residencial,2022-03-25
566,Clara Duarte,Monteiro,MG,Industrial,2022-02-08
567,Luiz Miguel da Rocha,Porto de Minas,SP,Comercial,2021-11-28
568,Diogo da Mota,das Neves,SP,Industrial,2021-08-06
569,Stephany Cavalcanti,da Conceição da Serra,BA,Industrial,2024-05-21
570,Otávio Cardoso,Castro do Norte,SP,Industrial,2021-04-07
571,Sra. Ana Clara Farias,da Rocha dos Dourados,BA,Industrial,2025-01-18
572,Dr. Luigi Peixoto,Ramos de Martins,SP,Residencial,2021-10-01
573,Davi Lucas Campos,Cardoso Paulista,BA,Residencial,2023-09-24
574,Nathan Cavalcanti,Mendes,SP,Comercial,2024-10-13
575,Bernardo Lopes,Gonçalves,MG,Residencial,2021-07-03
576,Caroline Cavalcanti,Moraes Grande,SP,Residencial,2024-12-28
577,Vitor Carvalho,Costa,SP,Comercial,2023-10-09
578,Vitor Hugo das Neves,Castro,MG,Residencial,2024-12-09
579,Melissa Rocha,Santos,SP,Residencial,2025-05-13
580,Yasmin da Rocha,Peixoto,MG,Comercial,2022-03-01
581,Davi Lucca Costela,Azevedo,SP,Comercial,2023-08-15
582,Marcelo Dias,Caldeira,BA,Comercial,2021-11-10
583,Laura Araújo,Moreira do Amparo,BA,Industrial,2023-11-26
584,Guilherme Silva,Costela Verde,SP,Industrial,2022-09-26
585,Luiz Otávio da Costa,Azevedo de Cardoso,SP,Comercial,2022-05-26
586,Bernardo Caldeira,Vieira,SP,Comercial,2020-07-19
587,Srta. Ana Luiza Lima,Farias do Campo,BA,Comercial,2021-12-08
588,Vicente Cunha,Lima,SP,Industrial,2025-04-29
589,Pedro Henrique Fogaça,das Neves,BA,Industrial,2024-10-29
590,Isabelly Peixoto,Fogaça do Campo,MG,Residencial,2023-04-06
591,Henrique Silva,da Conceição,BA,Residencial,2023-04-16
592,Dr. Anthony Lima,Campos do Campo,BA,Comercial,2021-03-28
593,Júlia Lima,Sales do Sul,MG,Industrial,2024-02-18
594,Diogo Vieira,Cavalcanti,BA,Industrial,2021-09-22
595,Luigi da Cruz,da Cruz da Mata,SP,Industrial,2024-11-29
596,Dra. Ana Carolina Alves,Peixoto de Goiás,SP,Comercial,2021-12-17
597,Enzo Barros,Nogueira,BA,Residencial,2022-08-10
598,Isis Duarte,Aragão do Galho,SP,Comercial,2023-01-20
599,Esther Lopes,Cardoso,BA,Residencial,2021-08-11
600,Vitor Gabriel Moura,Cunha,SP,Residencial,2024-12-31
601,Joaquim Ramos,Porto dos Dourados,SP,Comercial,2024-12-30
602,Lívia Rezende,Monteiro das Flores,BA,Residencial,2024-05-04
603,Dr. Leonardo Azevedo,Ramos da Prata,SP,Residencial,2025-01-07
604,Isadora da Cunha,Cardoso da Prata,BA,Industrial,2020-11-19
605,Stella Viana,Barros,SP,Residencial,2024-06-19
606,Rebeca Azevedo,da Rosa de Fernandes,SP,Comercial,2021-03-29
607,Alice Aragão,Araújo de Martins,MG,Comercial,2020-08-06
608,Sofia Duarte,Novaes,MG,Residencial,2023-10-27
609,Alexandre Ribeiro,Nogueira,BA,Industrial,2020-05-31
610,Maitê Cardoso,Sales do Sul,MG,Industrial,2023-08-17
611,Raul Pinto,da Cunha,BA,Residencial,2022-06-10
612,Rebeca Almeida,Campos,MG,Residencial,2021-08-23
613,Enzo Silveira,Correia,SP,Comercial,2020-09-28
614,Emilly Nascimento,Silveira,BA,Residencial,2020-10-26
615,Sr. Luiz Miguel da Paz,Souza do Campo,BA,Industrial,2022-03-15
616,Sra. Maitê Monteiro,Azevedo do Galho,SP,Residencial,2021-06-09
617,Ana Azevedo,Caldeira da Prata,BA,Comercial,2022-05-10
618,João Lucas da Mota,Jesus,BA,Comercial,2025-04-13
619,Sr. Calebe Farias,da Mata de Nogueira,MG,Comercial,2020-08-31
620,Cecília Campos,Moura,BA,Comercial,2021-09-03
621,Luana das Neves,Gomes,SP,Comercial,2021-09-25
622,Benjamin Costela,Barros dos Dourados,MG,Residencial,2024-03-02
623,Fernando da Mota,Duarte do Sul,MG,Residencial,2020-11-17
624,Diego Campos,Rocha de Peixoto,SP,Residencial,2022-08-10
625,Stella da Rosa,Ferreira,SP,Residencial,2024-06-10
626,Amanda Peixoto,Cavalcanti,MG,Comercial,2025-02-04
627,Anthony Costa,Pinto,BA,Industrial,2025-01-12
628,Elisa Duarte,da Conceição,MG,Residencial,2024-02-29
629,Ana Beatriz Cunha,Peixoto,SP,Industrial,2021-05-18
630,Ana Luiza Santos,Viana de Vieira,MG,Residencial,2024-03-03
631,Sra. Sophia Aragão,da Mota,SP,Residencial,2024-02-20
632,João Lucas Nunes,Silva,MG,Industrial,2022-04-17
633,Pedro Miguel Moraes,da Paz do Amparo,BA,Comercial,2025-01-16
634,Matheus Cardoso,Monteiro das Flores,MG,Residencial,2025-02-02
635,Luiz Miguel Freitas,Souza,MG,Residencial,2023-12-16
636,Ryan da Paz,Silveira de Vieira,SP,Residencial,2021-12-06
637,Yago Fernandes,Monteiro,SP,Industrial,2023-09-07
638,Olivia Dias,Rezende da Serra,SP,Comercial,2021-02-04
639,Daniel da Costa,Peixoto do Campo,MG,Industrial,2022-12-27
640,Augusto Caldeira,da Mota de Moreira,BA,Industrial,2023-08-25
641,Luiz Fernando Rodrigues,Carvalho Verde,SP,Comercial,2021-12-22
642,Sra. Alice da Conceição,Campos,SP,Industrial,2022-02-07
643,Caio Barros,Jesus,MG,Comercial,2020-11-21
644,Dr. Luiz Felipe Moreira,Porto Alegre,SP,Residencial,2020-09-01
645,Heitor Castro,Cardoso,BA,Comercial,2023-02-21
646,Marcela Costela,Dias,BA,Residencial,2022-12-14
647,Srta. Nicole Cunha,da Costa,SP,Industrial,2023-05-15
648,Caio da Rocha,Fernandes de Minas,SP,Industrial,2021-04-19
649,Bruno Souza,Moreira da Praia,MG,Residencial,2025-04-02
650,Thomas Silveira,Silva,BA,Industrial,2021-12-08
651,Laís Nascimento,Jesus dos Dourados,BA,Comercial,2023-04-20
652,Helena Nunes,Costa de Goiás,SP,Residencial,2022-03-24
653,Vitor Gabriel Teixeira,Monteiro Alegre,MG,Industrial,2024-11-10
654,Ana Julia Aragão,Porto,BA,Residencial,2022-06-30
655,Noah da Luz,Barbosa das Flores,BA,Comercial,2022-03-30
656,Bryan Sales,da Mata dos Dourados,MG,Comercial,2020-11-20
657,Yuri Ramos,Costa,MG,Industrial,2022-06-14
658,Lucas Gabriel Ferreira,Castro de Gonçalves,BA,Comercial,2020-07-15
659,Sra. Helena Pereira,Monteiro de Vieira,BA,Residencial,2023-08-10
660,Dr. Thomas Barros,Almeida,MG,Comercial,2021-07-22
661,Sr. Eduardo da Paz,Vieira,BA,Residencial,2023-09-02
662,Sabrina Cardoso,Sales de Viana,SP,Residencial,2023-08-03
663,Ana Beatriz da Luz,Campos,SP,Comercial,2023-09-27
664,Davi Lucas Fogaça,da Costa de Minas,MG,Industrial,2022-03-08
665,Vitor Costela,da Mata do Campo,MG,Comercial,2023-05-01
666,Nicole Almeida,Lopes da Praia,MG,Residencial,2024-07-29
667,Helena das Neves,Ribeiro Alegre,SP,Residencial,2022-12-27
668,Dra. Maria Julia da Rocha,da Rocha,BA,Comercial,2024-06-01
669,Evelyn Pinto,Martins,SP,Industrial,2023-09-03
670,Luiz Otávio Rocha,Oliveira Grande,BA,Industrial,2020-11-07
671,Eduarda Gonçalves,Moraes,SP,Residencial,2022-04-01
672,Clara Aragão,Lima,BA,Residencial,2021-10-26
673,Catarina Pereira,Cardoso,SP,Industrial,2024-12-24
674,Beatriz Ribeiro,Moreira de Minas,MG,Comercial,2020-11-24
675,Maria Clara Cardoso,Fernandes do Sul,SP,Residencial,2021-11-07
676,Sarah das Neves,Cardoso da Serra,BA,Residencial,2023-08-05
677,Vitor Gabriel da Rosa,Porto do Amparo,SP,Industrial,2025-02-01
678,Isabelly Castro,da Paz dos Dourados,SP,Comercial,2022-01-06
679,João Guilherme Sales,Fernandes das Flores,SP,Industrial,2020-06-18
680,Vitor Gabriel da Rosa,das Neves,MG,Comercial,2023-02-17
681,Srta. Ana Carolina Barros,Moreira,SP,Comercial,2025-05-05
682,Mirella Gonçalves,Costela da Praia,MG,Comercial,2021-02-20
683,Camila da Cruz,Lopes de Freitas,MG,Residencial,2021-03-05
684,Maria Fernanda Nascimento,Moraes,SP,Industrial,2022-08-26
685,Rafael Melo,Castro do Norte,SP,Industrial,2021-02-14
686,Giovanna Nascimento,Carvalho,SP,Comercial,2020-05-30
687,Maria Julia Rezende,Melo,BA,Residencial,2024-07-15
688,Arthur Barros,Gomes de Nogueira,SP,Residencial,2022-09-30
689,Diogo Nogueira,da Mata,MG,Industrial,2022-03-30
690,Raul da Conceição,Gonçalves,SP,Residencial,2024-01-04
691,Sabrina Freitas,Sales de Goiás,BA,Residencial,2020-10-31
692,Sophie Silveira,da Conceição,SP,Comercial,2024-08-21
693,Levi da Paz,da Mata do Oeste,BA,Residencial,2020-08-06
694,Dr. Felipe Castro,Monteiro de Caldeira,BA,Comercial,2020-06-04
695,Vitor Hugo Souza,Pereira,SP,Industrial,2024-06-15
696,Amanda Vieira,Pires,MG,Residencial,2023-11-19
697,Raul Nascimento,Monteiro,BA,Industrial,2021-09-06
698,Clarice Santos,Alves Paulista,SP,Industrial,2020-11-30
699,Lorena Ferreira,Dias da Mata,SP,Residencial,2023-07-17
700,Manuela da Rocha,Gomes Grande,MG,Residencial,2021-08-13
701,Augusto Teixeira,Castro,BA,Industrial,2021-06-09
702,Dr. Arthur Nunes,Souza dos Dourados,BA,Residencial,2023-11-27
703,Ana Vitória da Mata,Silva de Teixeira,SP,Comercial,2021-09-14
704,João Rodrigues,das Neves,SP,Comercial,2025-03-28
705,Srta. Clara Fogaça,Silveira do Campo,MG,Residencial,2023-05-27
706,Alexia Aragão,Alves da Serra,MG,Industrial,2024-09-16
707,Caio Rezende,Azevedo da Praia,BA,Residencial,2022-09-29
708,Dr. Gabriel Costela,Jesus,BA,Residencial,2021-07-27
709,Maria Cecília Pinto,Sales,SP,Industrial,2022-05-23
710,Sr. Thales Vieira,Martins da Mata,BA,Industrial,2024-11-24
711,Isabella Costa,Monteiro de Moraes,MG,Comercial,2023-10-10
712,Manuela Oliveira,Nogueira,MG,Industrial,2025-04-13
713,Kaique da Cruz,Silva das Pedras,SP,Comercial,2021-11-02
714,Srta. Alícia da Rocha,Cunha,MG,Industrial,2023-04-11
715,Enzo Martins,Rodrigues,MG,Residencial,2021-02-28
716,Catarina Araújo,Dias,MG,Comercial,2022-09-09
717,Lívia Monteiro,da Rocha de Lima,MG,Comercial,2024-07-01
718,Lívia da Rocha,Gomes,SP,Comercial,2024-09-03
719,Sra. Maria Eduarda da Conceição,da Cruz,SP,Residencial,2020-08-11
720,Pedro Lucas Campos,Almeida do Sul,BA,Residencial,2020-11-07
721,Sr. Diego Martins,Santos de da Luz,MG,Residencial,2024-01-14
722,Francisco da Luz,Campos,BA,Residencial,2022-08-16
723,João Lucas Ferreira,Araújo,SP,Residencial,2020-10-07
724,Sra. Maria Martins,Moreira do Oeste,SP,Comercial,2022-09-10
725,Gabrielly Farias,Peixoto,SP,Residencial,2023-10-21
726,Paulo Nogueira,Fernandes,SP,Comercial,2022-02-14
727,Enzo Gabriel Duarte,da Rocha,SP,Residencial,2023-04-01
728,Vitor Alves,Novaes de Pires,SP,Industrial,2025-03-06
729,Raul da Mata,Melo,SP,Comercial,2024-11-25
730,Letícia Moura,Nunes Grande,MG,Industrial,2020-08-23
731,Enzo Pires,Porto do Campo,BA,Comercial,2022-06-21
732,Maria Silva,Ferreira,SP,Industrial,2023-12-31
733,Juliana Pereira,Carvalho de Ribeiro,MG,Residencial,2021-06-27
734,Renan da Mata,das Neves,MG,Residencial,2024-08-02
735,Amanda Barros,Viana,BA,Residencial,2022-09-21
736,Bernardo Carvalho,da Mota,SP,Comercial,2024-01-09
737,Vinicius Caldeira,Farias do Sul,BA,Industrial,2023-02-20
738,João Miguel Fernandes,Pires de da Mata,SP,Residencial,2024-10-08
739,Eduardo Ferreira,Vieira,MG,Industrial,2023-03-01
740,Evelyn Mendes,Peixoto,MG,Industrial,2024-07-12
741,João Gabriel da Conceição,Fernandes,MG,Residencial,2023-09-01
742,Maria Cecília Rodrigues,Mendes de Viana,MG,Residencial,2022-02-11
743,Isadora Melo,Santos dos Dourados,BA,Industrial,2021-08-01
744,Alexia Mendes,Ribeiro de Goiás,SP,Residencial,2024-04-21
745,Kevin Silveira,Martins,SP,Residencial,2020-09-24
746,Isadora da Rosa,das Neves,BA,Residencial,2020-12-28
747,Srta. Alice Ferreira,Mendes,SP,Comercial,2022-08-31
748,Ana Cavalcanti,das Neves,MG,Industrial,2020-12-29
749,Anthony Novaes,da Costa,SP,Industrial,2024-04-06
750,Bruno Martins,Viana,MG,Comercial,2025-03-01
751,Amanda Viana,Farias,BA,Industrial,2023-12-04
752,Ana Vitória Caldeira,Pinto do Oeste,SP,Residencial,2024-06-15
753,Milena Campos,Novaes,BA,Industrial,2022-05-09
754,Sr. Yuri Mendes,da Mata,SP,Residencial,2023-08-08
755,Diogo Silveira,Gonçalves,MG,Comercial,2024-01-04
756,Eduardo Correia,Sales de Minas,BA,Residencial,2024-01-30
757,Dr. Bernardo da Cruz,Novaes da Serra,SP,Industrial,2022-03-21
758,Benício Lopes,Farias,MG,Industrial,2024-01-04
759,Otávio da Cruz,Moreira de Dias,BA,Industrial,2023-06-09
760,Ana Júlia Barbosa,Nunes do Galho,BA,Comercial,2021-09-18
761,Leandro Silva,Araújo da Prata,SP,Comercial,2021-02-20
762,Helena Jesus,Viana,SP,Industrial,2021-06-01
763,Srta. Ana Clara Freitas,Mendes,SP,Residencial,2024-04-30
764,Letícia Alves,da Paz de da Mota,MG,Comercial,2020-09-02
765,Felipe Alves,Peixoto de Silveira,SP,Industrial,2025-04-18
766,Thiago da Paz,Caldeira,BA,Industrial,2024-10-06
767,Dr. Lucca Cardoso,Rocha de Viana,BA,Comercial,2021-03-19
768,Marina Costa,Souza,SP,Comercial,2022-11-04
769,Felipe Nascimento,da Rosa,SP,Comercial,2023-01-23
770,Joana Nunes,Moreira,BA,Residencial,2021-08-08
771,Melissa Pereira,Ribeiro,MG,Residencial,2024-08-16
772,Erick Cardoso,Correia,SP,Industrial,2024-06-14
773,João Vitor Silveira,Porto,SP,Comercial,2023-06-16
774,Maria Clara Caldeira,Nogueira de Fernandes,BA,Residencial,2022-09-04
775,Murilo Melo,Correia de Caldeira,SP,Comercial,2020-11-09
776,João Felipe Sales,Peixoto,MG,Industrial,2022-04-23
777,Dr. Vitor Silveira,Rocha das Pedras,BA,Residencial,2023-11-17
778,Luiz Felipe da Costa,Correia da Mata,SP,Residencial,2024-06-24
779,Antônio Nunes,Caldeira dos Dourados,BA,Residencial,2023-05-12
780,Ryan Cavalcanti,Araújo,SP,Industrial,2021-03-27
781,Cauê Jesus,Cardoso do Oeste,SP,Comercial,2021-05-06
782,Heitor Moraes,da Paz de Barros,SP,Residencial,2023-05-22
783,Lara da Cruz,Ramos do Amparo,MG,Industrial,2021-03-26
784,Eduarda Vieira,Pinto das Pedras,MG,Comercial,2023-11-22
785,Diego da Mota,Jesus,BA,Industrial,2023-09-05
786,Fernanda Pereira,Souza,SP,Comercial,2023-11-12
787,Alice Mendes,Ferreira,SP,Industrial,2023-10-31
788,Melissa Almeida,da Luz,MG,Comercial,2024-03-15
789,Bianca da Rosa,Oliveira do Norte,SP,Residencial,2021-06-23
790,Alexandre Souza,Castro do Amparo,MG,Comercial,2023-12-26
791,Isaac Silva,Pereira de Farias,SP,Industrial,2023-01-01
792,Lavínia Monteiro,da Rosa de Mendes,BA,Industrial,2025-03-29
793,Heitor Ribeiro,Castro,SP,Comercial,2023-06-13
794,Nina Carvalho,Silveira do Campo,SP,Residencial,2021-08-10
795,Paulo Cardoso,da Rocha Alegre,MG,Residencial,2023-09-26
796,Pedro Mendes,Souza da Praia,SP,Comercial,2021-11-06
797,Camila da Mota,Ribeiro do Galho,SP,Comercial,2024-12-18
798,Dra. Ana Carolina Cavalcanti,Santos Grande,MG,Industrial,2024-12-30
799,Stella Cunha,da Rocha,BA,Residencial,2021-12-13
800,Mariana Silveira,Costa de Nogueira,BA,Comercial,2025-05-13
801,Maria Eduarda Alves,Fernandes,MG,Residencial,2021-02-06
802,Agatha Pereira,Viana de Cardoso,MG,Comercial,2025-04-01
803,Luna Cardoso,Campos,MG,Comercial,2021-07-28
804,Valentina Rezende,Rocha,MG,Residencial,2023-03-04
805,Daniela Ferreira,Ferreira da Praia,MG,Comercial,2023-01-17
806,Mariana Lopes,Rezende,BA,Comercial,2023-09-22
807,Marina Pinto,da Mota Paulista,BA,Industrial,2022-11-30
808,Laís Porto,Nascimento do Galho,MG,Comercial,2020-07-15
809,Maria Luiza Santos,da Mata da Mata,SP,Comercial,2021-04-08
810,Lucca Fernandes,Cavalcanti,MG,Comercial,2022-07-06
811,Sra. Sophia Costela,Nunes das Pedras,SP,Industrial,2022-12-04
812,Melissa da Paz,Castro,MG,Residencial,2022-01-03
813,Isis Sales,Lopes do Amparo,MG,Industrial,2022-12-31
814,Ana Beatriz Vieira,Martins do Norte,BA,Industrial,2021-10-21
815,Cauê Pinto,da Paz das Flores,SP,Residencial,2022-02-15
816,Kamilly Cavalcanti,Novaes de da Rocha,SP,Industrial,2020-12-22
817,Dr. Marcos Vinicius da Luz,Ribeiro da Serra,BA,Residencial,2025-03-05
818,Benjamin Ribeiro,da Costa,BA,Industrial,2024-10-11
819,Calebe Caldeira,Sales,BA,Residencial,2023-01-16
820,Alexandre Cardoso,Porto,BA,Comercial,2021-10-01
821,Emilly Silva,Moraes,SP,Industrial,2023-04-10
822,Marcela Jesus,Campos Verde,SP,Industrial,2020-11-16
823,Camila Duarte,Caldeira do Sul,MG,Industrial,2021-06-18
824,Benjamin Sales,Cardoso,MG,Industrial,2024-01-11
825,Diogo Gomes,Azevedo de Goiás,BA,Comercial,2024-08-23
826,Davi Lucas Araújo,da Rosa de Pereira,BA,Industrial,2023-09-30
827,Dra. Julia Freitas,Farias de Rezende,BA,Comercial,2021-04-28
828,Diego Araújo,Souza da Prata,MG,Comercial,2024-12-11
829,Calebe Dias,Castro,MG,Comercial,2020-07-19
830,Vitor Gabriel Silveira,Pereira,MG,Comercial,2021-11-27
831,Maria Cecília Cunha,Nascimento de das Neves,MG,Residencial,2023-03-27
832,Lucas Lima,Ferreira,MG,Residencial,2025-05-17
833,Beatriz da Mota,da Mota da Prata,MG,Industrial,2022-01-15
834,Nicolas Souza,Cunha,MG,Residencial,2022-11-26
835,Natália Porto,Costela de Gonçalves,BA,Residencial,2023-08-16
836,Benício Silveira,Jesus,BA,Industrial,2022-11-20
837,Lorenzo Cunha,da Conceição,BA,Industrial,2024-02-02
838,Luiz Miguel Viana,Peixoto,BA,Industrial,2020-07-08
839,Alícia Gomes,Correia do Sul,MG,Residencial,2022-01-23
840,Isabella Rezende,Cavalcanti do Sul,SP,Residencial,2021-02-15
841,Ana Laura Silveira,Rodrigues do Amparo,MG,Industrial,2023-04-23
842,Luiza Sales,Caldeira do Oeste,SP,Comercial,2021-07-23
843,Theo Costa,Mendes das Flores,BA,Industrial,2022-06-07
844,Vinicius Castro,Campos das Flores,MG,Comercial,2021-10-18
845,Dr. Benício Dias,da Cunha de Minas,BA,Comercial,2023-06-23
846,Breno Ramos,Ferreira,MG,Industrial,2025-04-17
847,João Pedro Gonçalves,Nascimento,BA,Industrial,2023-04-07
848,Dr. Rafael Pires,Sales,SP,Industrial,2024-07-12
849,Dr. Breno Moraes,Peixoto,SP,Residencial,2023-05-28
850,Luiz Gustavo Ferreira,Nunes Paulista,SP,Comercial,2025-04-17
851,Raul da Mata,Santos do Sul,MG,Residencial,2021-06-21
852,Evelyn Vieira,Silveira,SP,Residencial,2022-08-20
853,Fernando Rezende,Carvalho de Silveira,MG,Industrial,2022-03-16
854,Ana Vitória Viana,Aragão da Serra,SP,Residencial,2024-09-07
855,Rebeca Oliveira,Nogueira,SP,Industrial,2025-02-13
856,Maria Julia da Conceição,da Costa,MG,Comercial,2022-08-21
857,Dra. Alana Campos,da Mata Paulista,MG,Industrial,2024-04-04
858,Sr. Diego da Conceição,Duarte,SP,Residencial,2021-06-29
859,Maria Vitória Freitas,Porto de Cardoso,MG,Residencial,2020-11-24
860,Brenda Pereira,Pinto do Oeste,SP,Industrial,2023-05-25
861,Dra. Catarina Freitas,da Luz,MG,Industrial,2022-09-23
862,Sra. Maria Eduarda Peixoto,Gomes,BA,Residencial,2021-06-21
863,Evelyn Teixeira,Carvalho do Norte,BA,Comercial,2022-05-15
864,Marina Nascimento,Silva,BA,Comercial,2021-07-30
865,Gabriela da Cruz,Gomes,BA,Industrial,2025-05-12
866,Sophie Gomes,Teixeira,BA,Comercial,2020-07-16
867,Marina Peixoto,Costa,SP,Residencial,2025-02-28
868,Marcela Oliveira,Araújo,BA,Industrial,2022-02-11
869,Kamilly Moura,Rezende,BA,Residencial,2023-07-29
870,Sr. João Gabriel Peixoto,Campos Paulista,BA,Residencial,2024-10-30
871,Isabel Silveira,Nascimento,BA,Comercial,2020-11-07
872,Rodrigo Peixoto,da Conceição de Rocha,MG,Industrial,2023-08-04
873,Fernanda Pinto,da Paz de Santos,SP,Industrial,2024-12-16
874,Dr. Marcelo da Mata,da Luz,BA,Comercial,2021-05-31
875,Murilo Moreira,Moraes de Moraes,BA,Residencial,2024-07-08
876,Joaquim Gonçalves,Lima,BA,Residencial,2022-06-14
877,Luiz Miguel Duarte,Freitas,SP,Residencial,2021-04-19
878,Mariane Monteiro,Santos de Ferreira,MG,Residencial,2022-10-02
879,Dr. Luiz Felipe Moura,Jesus,SP,Industrial,2022-06-01
880,Caroline Fernandes,Duarte da Mata,MG,Industrial,2020-09-16
881,Nicole Silveira,da Paz,BA,Comercial,2020-08-11
882,Emanuella Viana,da Paz,BA,Comercial,2022-03-18
883,Juan Costela,Ferreira de Minas,SP,Industrial,2020-09-07
884,Sofia Rodrigues,Gomes,SP,Industrial,2023-08-27
885,Ana Júlia Moraes,Gonçalves da Prata,MG,Residencial,2025-01-10
886,Sarah Cardoso,Rezende Verde,MG,Residencial,2023-08-31
887,Luiz Miguel da Costa,da Luz,SP,Comercial,2022-04-07
888,Isadora da Cruz,Mendes da Prata,MG,Industrial,2022-04-07
889,Marcela Moura,Caldeira do Norte,SP,Comercial,2023-09-27
890,Isabelly Costa,da Luz,MG,Industrial,2022-11-01
891,Sr. Luiz Henrique Ribeiro,Jesus,SP,Residencial,2023-11-14
892,Srta. Ana Julia Porto,Rezende,SP,Comercial,2021-12-11
893,Emanuelly Pinto,Rocha de Goiás,SP,Comercial,2023-03-30
894,Maria Eduarda Castro,Pires do Amparo,MG,Industrial,2024-12-09
895,Sr. Vicente Costa,Farias Grande,MG,Residencial,2023-08-09
896,Eloah da Mota,Oliveira,MG,Comercial,2020-11-07
897,Dra. Maria Sophia Teixeira,Correia de da Mata,SP,Residencial,2022-08-06
898,Ana Julia Cavalcanti,Cavalcanti de da Rocha,MG,Comercial,2025-03-09
899,Pedro Peixoto,da Luz,MG,Residencial,2022-07-10
900,Dr. Antônio da Mota,Dias do Galho,SP,Industrial,2024-03-20
901,Yago Almeida,Jesus,BA,Comercial,2023-10-06
902,Luiz Otávio Monteiro,Oliveira do Galho,SP,Comercial,2025-03-03
903,Júlia Caldeira,Cavalcanti,MG,Residencial,2020-11-26
904,Sophie Dias,da Luz,SP,Residencial,2025-04-21
905,Igor Nogueira,Pinto,BA,Comercial,2023-04-16
906,Dr. Guilherme da Mata,Costa,SP,Industrial,2021-12-16
907,Eduardo Fogaça,Costa,MG,Residencial,2024-01-06
908,Rebeca Moraes,Sales de Pereira,BA,Residencial,2024-04-25
909,Amanda Melo,Freitas,MG,Residencial,2025-01-11
910,Gabriel Rocha,Dias de Ferreira,BA,Comercial,2020-08-19
911,Carlos Eduardo Ramos,Moura,BA,Comercial,2024-01-25
912,Valentina Moreira,Cardoso,SP,Comercial,2024-08-30
913,Maria Sophia Lopes,Fogaça,SP,Comercial,2023-11-16
914,Ana Clara Fernandes,Gonçalves,MG,Industrial,2025-04-28
915,Sabrina Ribeiro,Araújo,SP,Industrial,2022-05-15
916,Guilherme Barros,Nunes da Prata,SP,Comercial,2022-06-02
917,Helena Dias,Barbosa do Galho,BA,Industrial,2025-04-24
918,Kaique Cardoso,Costa do Campo,SP,Residencial,2022-01-12
919,Ryan Nascimento,Lopes da Prata,BA,Residencial,2023-11-14
920,Otávio Freitas,Monteiro,BA,Residencial,2024-07-21
921,Isabella Costa,Mendes de Barbosa,BA,Comercial,2024-11-21
922,Leandro Ribeiro,Carvalho de Teixeira,MG,Residencial,2025-01-17
923,Dra. Natália Santos,Lopes,MG,Industrial,2022-04-09
924,Srta. Júlia Fernandes,Campos da Praia,MG,Comercial,2021-07-13
925,Alana Pinto,Barbosa de Minas,BA,Industrial,2022-04-17
926,Pedro Caldeira,Rezende da Prata,MG,Residencial,2022-02-27
927,Elisa Nunes,Azevedo da Praia,MG,Residencial,2021-03-29
928,Luiz Gustavo da Rosa,Souza,SP,Residencial,2022-10-24
929,Raquel Freitas,Ramos do Galho,MG,Comercial,2021-03-22
930,Noah Correia,Silveira,MG,Industrial,2021-03-25
931,Maria Eduarda Cavalcanti,Viana,BA,Comercial,2020-10-26
932,Sr. Benício da Mata,Duarte dos Dourados,BA,Comercial,2022-12-06
933,Murilo da Luz,Viana,BA,Residencial,2024-03-03
934,Ana Vitória Dias,Lopes da Mata,BA,Comercial,2022-03-21
935,Kevin Melo,Lopes de das Neves,BA,Comercial,2022-07-12
936,Ana Júlia Costa,Novaes,BA,Residencial,2022-10-23
937,Gabriela da Conceição,Souza,MG,Comercial,2023-08-28
938,Sabrina da Conceição,da Conceição de Ferreira,BA,Residencial,2024-04-10
939,Esther Aragão,Costa,BA,Residencial,2024-07-19
940,Esther Dias,Moraes,SP,Residencial,2020-11-22
941,Clarice Campos,Farias das Flores,MG,Residencial,2021-10-14
942,Francisco Mendes,Duarte Alegre,MG,Comercial,2020-08-17
943,Guilherme Azevedo,da Luz,MG,Residencial,2023-05-27
944,Clara Farias,Gomes das Flores,BA,Residencial,2024-03-10
945,Isaac Lopes,Porto do Oeste,BA,Comercial,2020-09-12
946,Gabriela Silveira,Gomes da Mata,BA,Comercial,2022-07-07
947,Helena Castro,Almeida,SP,Industrial,2024-01-10
948,Alícia da Costa,Ribeiro de Minas,BA,Comercial,2021-08-29
949,Melissa Nascimento,Castro da Prata,SP,Comercial,2024-11-05
950,Pedro Miguel Pires,Duarte da Prata,MG,Industrial,2022-08-03
951,Natália Cavalcanti,Freitas do Galho,BA,Comercial,2020-08-05
952,Catarina Moreira,Costa de Minas,SP,Comercial,2021-11-24
953,Renan Campos,das Neves de Cardoso,SP,Comercial,2022-01-20
954,Isis Porto,Monteiro do Sul,BA,Comercial,2025-03-06
955,Henrique Monteiro,Rocha,MG,Industrial,2023-02-25
956,Luana Rezende,Ribeiro,MG,Comercial,2022-05-23
957,Marcela Ribeiro,Silva,MG,Comercial,2021-08-12
958,Dra. Yasmin Pinto,Barbosa,SP,Industrial,2023-01-04
959,Davi Costa,Almeida do Amparo,SP,Residencial,2023-09-26
960,João Lucas Cardoso,Pereira do Sul,SP,Industrial,2024-10-17
961,Mariana da Paz,Souza do Oeste,SP,Residencial,2023-05-09
962,Maria Clara Dias,da Costa de Carvalho,MG,Industrial,2020-08-09
963,Dra. Rebeca Souza,Fernandes da Serra,BA,Industrial,2023-05-14
964,Dr. Diogo Fogaça,Araújo do Norte,SP,Comercial,2024-07-27
965,João Guilherme Costela,Almeida de Rodrigues,SP,Residencial,2020-08-06
966,Luana da Paz,da Paz,MG,Comercial,2024-12-26
967,Dra. Maria Clara Oliveira,Souza da Praia,BA,Residencial,2024-02-23
968,Marina Silveira,Almeida,BA,Industrial,2021-08-28
969,Murilo Nascimento,da Cunha de Minas,MG,Industrial,2024-10-13
970,Ana Lívia Monteiro,Ribeiro,MG,Residencial,2025-01-09
971,Gabriel Castro,Nogueira,BA,Comercial,2022-12-04
972,Erick Almeida,Santos,SP,Comercial,2024-05-16
973,Nathan Novaes,Dias,BA,Comercial,2022-08-28
974,Isis Ramos,Dias,MG,Comercial,2024-12-21
975,Sra. Isabella Rodrigues,Nascimento,SP,Industrial,2024-03-13
976,Daniela Ferreira,Rezende Alegre,SP,Industrial,2021-07-27
977,Maria Cecília Silveira,Cunha da Prata,MG,Industrial,2022-05-28
978,Luiz Fernando Azevedo,Moura do Oeste,MG,Industrial,2023-06-17
979,Igor Viana,Rezende do Amparo,MG,Industrial,2022-05-08
980,Maria Fernanda Moura,da Mota,BA,Comercial,2021-03-24
981,Thomas Nogueira,Santos,BA,Comercial,2024-09-19
982,Maria Campos,Campos do Galho,SP,Comercial,2020-06-16
983,Lara Gomes,Nunes das Flores,MG,Comercial,2024-10-08
984,Camila Barbosa,Nunes do Galho,SP,Industrial,2023-12-16
985,Yuri Pereira,da Conceição da Praia,SP,Industrial,2020-08-23
986,Catarina Azevedo,da Cruz,SP,Industrial,2022-08-27
987,Luana da Costa,Barbosa,SP,Residencial,2024-06-15
988,Eloah Barros,Correia de Nunes,MG,Comercial,2020-11-30
989,Clarice da Rocha,Moura,SP,Comercial,2024-05-12
990,Isabel Costela,Novaes do Galho,MG,Industrial,2024-10-24
991,Joaquim Jesus,Caldeira,MG,Comercial,2022-02-10
992,João Lucas Oliveira,Mendes,BA,Comercial,2023-10-12
993,Bianca Peixoto,Santos,MG,Industrial,2022-04-11
994,Maria Luiza Cunha,Freitas Paulista,BA,Residencial,2022-02-19
995,Sr. Ian Caldeira,Souza de Cardoso,MG,Residencial,2025-05-06
996,Manuela Ribeiro,Silva do Sul,MG,Residencial,2024-06-12
997,Nicolas Azevedo,da Conceição da Praia,MG,Industrial,2024-04-10
998,Francisco das Neves,Cavalcanti Grande,BA,Comercial,2024-08-02
999,Larissa da Cunha,Ramos,BA,Industrial,2023-04-01
1000,Stephany Campos,Moura,SP,Industrial,2025-03-21
